RECORDID,gold_labels,compound_by_article,average_sentence,median_sentence,mode_sentence,pstd_sentence,average_paragraph,median_paragraph,mode_paragraph,pstd_paragraph
20200811-38496,-1,0.9642,0.009210769230769232,0.0,0.0,0.33648146645638455,0.004943636363636366,0.0,0.0,0.38888124747964165
20200805-72468,0,0.9938,0.2600170731707317,0.1779,0.0,0.296147088456378,0.6381538461538462,0.7351,0.8779,0.2597491796548373
20200817-17810,-1,-0.2023,0.002587500000000003,0.0,0.0,0.33726309625239165,0.03041764705882353,0.0,0.0,0.29801563961189553
20200727-7699,-1,0.2732,0.009376923076923076,0.0,0.0,0.20606452370312092,0.027139999999999997,0.0,0.0,0.3267006434031008
20200815-7456,-1,0.8338,0.0036916666666666695,0.0,0.0,0.2936195723447074,0.011147619047619049,0.0,0.0,0.3285027326392795
20200811-48764,1,0.8558,0.06084,0.0,0.0,0.3406776852938021,0.07421818181818182,0.0,0.0,0.4594572228939507
20200423-53523,1,0.9983,0.09322142857142858,0.0,0.0,0.35770779211643733,0.11253913043478261,0.0,0.0,0.38230641145150185
20200521-28456,0,0.9965,0.1187686274509804,0.0,0.0,0.26679026607915574,0.15393548387096775,0.0,0.0,0.32265953248305745
20200828-12262,0,0.8836,0.03335185185185185,0.0,0.0,0.40818426337493835,-0.011434210526315792,0.0,0.0,0.41011021899530464
20200903-22043,1,-0.1361,0.050910714285714295,0.0,0.0,0.45329987657122717,0.03942142857142857,0.0,0.0,0.38704303226712483
20200707-29697,1,0.9226,0.0813,0.0,0.0,0.16792547016284268,0.17151249999999998,0.0,0.0,0.2340504669804143
20200726-30138,0,0.9349,0.03212380952380952,0.0,0.0,0.3552318329589738,0.039572413793103445,0.0,0.0,0.3931417528827113
20200321-18921,-1,0.9975,0.09172317073170731,0.0,0.0,0.23198518734187323,0.1877861111111111,0.0,0.0,0.3016721658364127
20200717-16663,-1,-0.9966,-0.21965217391304348,0.0,0.0,0.41522458655272665,-0.32251428571428575,-0.26705,0.0,0.4243629980118821
20200817-80618,0,0.9649,0.06900294117647059,0.0,0.0,0.2714567937512385,0.11890666666666667,0.0,0.0,0.3503452610719254
20200519-8463,1,0.891,0.09759230769230769,0.0,0.0,0.283553840936883,0.17225555555555555,0.0,0.0,0.25831111350080294
20200612-83410,-1,-0.8641,-0.10858333333333334,0.0,0.0,0.3560310235389919,-0.1211304347826087,0.0,0.0,0.3665321226029323
20200402-55252,-1,0.6652,0.011315384615384616,0.0,0.0,0.21918219272894288,0.04043,0.0,0.0,0.2959573619628341
20200629-56671,-1,-0.9963,-0.16163636363636363,-0.067,0.0,0.3505920493127622,-0.233240625,-0.2841,0.0,0.40929141807776687
20200502-46235,-1,-0.9989,-0.3637103448275862,-0.3919,0.0,0.32745197736338594,-0.6540785714285714,-0.7266,-0.4215,0.22021388038051756
20200305-47394,0,-0.3415,-0.03448888888888889,0.0,0.0,0.2483672882578203,-0.05496666666666667,0.0,0.0,0.27695882164843366
20200715-49790,-1,-0.6034,-0.047671428571428566,0.0,0.0,0.22857440623060463,-0.04550454545454545,0.0,0.0,0.22353977778477394
20200726-4304,-1,0.8886,0.05519354838709677,0.0,0.0,0.18385194417718714,0.1426090909090909,0.0,0.0,0.28780581349408446
20200529-29585,0,0.9913,0.059416666666666666,0.0,0.0,0.3486915323351317,0.1281,0.1027,0.2023,0.5360392249329023
20200411-53362,-1,-0.964,-0.048229545454545455,0.0,0.0,0.2298991553422198,-0.021181944444444444,0.0,0.0,0.18496698603804118
20200923-83178,0,-0.4939,-0.04939,0.0,0.0,0.14817,-0.08231666666666666,0.0,0.0,0.18406566234785768
20200813-28739,0,0.9773,0.05788478260869565,0.0,0.0,0.3974080724806415,0.221875,0.5052,0.7964,0.6658806363568474
20200817-74368,-1,-0.9736,-0.09163513513513513,0.0,0.0,0.23882141039450291,-0.23116153846153847,-0.1531,0.0,0.3482118597778382
20200828-39767,-1,0.9769,-0.004881944444444444,0.0,0.0,0.31495413657581817,-0.013826315789473683,0.0,0.0,0.4227981064067854
20200519-31518,1,0.9813,0.06795,0.0,0.0,0.35264137491224706,0.144432,0.0,0.0,0.44101100459739095
20200803-67808,-1,0.9748,0.03519302325581396,0.0,0.0,0.31078117882863454,0.04744230769230769,0.0,0.0,0.41346272473890644
20200902-55512,-1,0.4019,0.011378571428571429,0.0,0.0,0.1638363084587411,0.0175125,0.0,0.0,0.19055334841915006
20200508-18323,-1,-0.9964,-0.03873240740740741,0.0,0.0,0.30728982815380823,-0.09109294117647058,-0.0516,0.0,0.4066562655402154
20200826-19897,-1,0.9894,0.19645263157894738,0.0258,0.0,0.3039678036420461,0.2835076923076923,0.2263,0.0,0.3231626322208453
20200412-483,1,0.9232,0.14655714285714286,0.08895,0.0,0.30963895960638166,0.19506666666666667,0.0,0.0,0.3611811518399658
20200721-56103,-1,-0.9979,-0.2413377777777778,-0.2023,0.0,0.35090188137229655,-0.3327413793103448,-0.3818,0.0,0.38230828282335044
20200416-7636,1,0.8158,0.10004545454545453,0.0258,0.0,0.4420113806918969,0.17143333333333333,0.2202,-0.7096,0.5095063515033176
20200825-86299,-1,-0.1838,-0.006828124999999998,0.0,0.0,0.2984556952404902,0.0016249999999999997,0.0,0.0,0.42582718986109847
20200914-82019,-1,-0.9928,-0.17756060606060606,0.0,0.0,0.34092725069477703,-0.4705125,-0.6529499999999999,0.0,0.4379267359887382
20200628-16896,0,0.9745,0.027672857142857145,0.0,0.0,0.31147779876005316,0.01661279069767442,0.0,0.0,0.29072931340614305
20200319-46338,-1,-0.9923,-0.0540438202247191,0.0,0.0,0.38104001322078174,-0.06245555555555555,0.0,0.0,0.4521854278935739
20200620-46413,1,-0.2846,-0.035575,0.0,0.0,0.09412260289112281,-0.047433333333333334,0.0,0.0,0.10606415773274003
20200313-93128,-1,0.6212,0.027219999999999998,0.0,0.0,0.31710324393529266,0.03943125,0.0,0.0,0.28439787098963576
20200704-6465,-1,-0.9201,-0.08977,0.0,0.0,0.25510853396152783,-0.159475,-0.08895,0.0,0.2784921337159573
20200626-10304,-1,-0.9894,-0.2767235294117647,-0.2023,0.0,0.3034431423229686,-0.3360214285714286,-0.273,0.0,0.3031226158753286
20200717-14318,1,0.9954,0.021729473684210528,0.0,0.0,0.3435215226149928,0.013373469387755103,0.0,0.0,0.41033160670291036
20200714-72292,1,0.7622,0.060242105263157895,0.0,0.0,0.3779948709145048,0.08630625,0.0,0.0,0.4155359107056062
20200804-55169,-1,-0.872,-0.10024666666666666,0.0,0.0,0.3009740495273453,-0.09097333333333332,0.0,0.0,0.3156460073493019
20200430-74926,-1,0.7914,0.003212499999999999,0.0,0.0,0.3788267057227486,0.0024190476190476214,0.0,0.0,0.471598604161115
20200724-162,1,0.9939,0.24118,0.1901,0.0,0.26612066285803515,0.3679357142857143,0.40080000000000005,0.0,0.31778389469022783
20200907-22009,-1,-0.9988,-0.04589754385964912,0.0,0.0,0.2348842446396358,-0.10383655913978494,0.0,0.0,0.38878774118493936
20200701-45171,-1,-0.8537,-0.05123488372093024,0.0,0.0,0.2700945699011788,-0.044746875000000005,0.0,0.0,0.2821753300081961
20200829-3979,0,0.7269,0.02377586206896552,0.0,0.0,0.3108030573399223,0.036990909090909095,0.128,-0.0516,0.482620793084338
20200702-47291,1,0.9727,0.26305454545454543,0.0516,0.0,0.3210998608862312,0.40916,0.3182,0.7378,0.3718661995933484
20200715-45751,0,0.99,0.06060714285714286,0.0,0.0,0.2905508117949318,0.11098214285714286,0.0,0.0,0.37757164509682456
20200825-6060,-1,0.8271,0.01911538461538461,0.0,0.0,0.4143137214277529,0.08402499999999999,0.0,0.0,0.49724634676888274
20200708-74951,1,0.9873,0.18265416666666667,0.0,0.0,0.2651458639113678,0.26046,0.25,0.0,0.2890787777290705
20200510-37193,1,0.9979,0.07050373831775701,0.0,0.0,0.2763373672646764,0.17865454545454545,0.0,0.0,0.43663436620594365
20200630-55150,-1,0.9081,0.04704878048780488,0.0,0.0,0.1365917401387161,0.07523913043478261,0.0,0.0,0.1870299574681773
20200518-33682,-1,-0.985,-0.1190375,0.0,0.0,0.33191900343871544,-0.1627032258064516,0.0,0.0,0.35865559406049213
20200820-92674,-1,0.9371,0.08020333333333333,0.0,0.0,0.232988642760877,0.17835833333333334,0.22555,0.0,0.3400953406971182
20200903-31220,-1,-0.9833,-0.11194285714285714,0.0,0.0,0.3022463529598844,-0.20833333333333334,-0.064,0.0,0.3757186417757013
20200606-7326,-1,-0.9928,-0.06706708860759494,0.0,0.0,0.4269210278027207,-0.152365625,-0.11515,0.0,0.6054687964758046
20200403-9336,-1,-0.98,-0.08312222222222222,0.0,0.0,0.38979955683167833,-0.12161304347826087,-0.0772,0.0,0.48588508598884717
20200912-39917,-1,0.7582,0.05714444444444445,0.0,0.0,0.3244385924129766,0.06739333333333335,0.0,0.0,0.3574115246540821
20200708-54822,-1,-0.5267,-0.043656,0.0,0.0,0.13593732108585926,-0.06063333333333334,0.0,0.0,0.1569580304837358
20200704-1586,1,0.9982,0.2121,0.0644,0.0,0.3419970917555159,0.41907894736842105,0.4215,0.0,0.3887419311451633
20200811-25618,-1,-0.959,-0.3436142857142857,-0.25,-0.5267,0.2876167957969245,-0.3436142857142857,-0.25,-0.5267,0.2876167957969245
20200828-70267,-1,-0.9907,-0.10849393939393939,0.0,0.0,0.3360857429733307,-0.18284761904761904,-0.25,0.0,0.4099566151483043
20200328-979,-1,-0.9953,-0.2769741935483871,-0.2732,0.0,0.3256679606967035,-0.46313846153846155,-0.6652,0.0,0.41831051870491087
20200723-88363,0,0.9331,0.16076923076923078,0.0,0.0,0.2847395365393416,0.103725,0.0,0.0,0.36869992569613214
20200630-17392,0,0.6036,0.061372222222222224,0.0,0.0,0.26791866677440157,0.057192307692307695,0.0,0.0,0.30215347465902276
20200612-86365,0,0.0001,0.020714285714285713,0.0,0.0,0.22854625182769853,0.006928571428571425,0.0,0.0,0.1866046971359437
20200803-34821,0,-0.9801,-0.16391764705882353,-0.1027,0.0,0.40598720964392915,-0.15760454545454547,-0.125,-0.25,0.3631310888737173
20200329-40021,-1,0.8772,0.0516483870967742,0.0,0.0,0.18824262633199285,0.10608571428571428,0.0,0.0,0.2806192103625299
20200324-93223,-1,-1.0,-0.1213777972027972,0.0,0.0,0.28537101408230736,-0.11630091027308193,0.0,0.0,0.26933523343699917
20200817-27703,1,0.4588,0.11044,0.051500000000000004,0.0,0.3224467155980969,0.15287142857142857,0.128,0.0,0.3360398391104658
20200805-51113,0,0.346,-0.024020370370370376,0.0,0.0,0.33637966500591626,-0.02656333333333334,0.0,0.0,0.41390888649825125
20200323-78536,-1,-0.4404,-0.0324,0.0,0.0,0.2178630953909664,-0.0648,0.0,0.0,0.30467874337844225
20200323-98425,-1,-0.8625,-0.087888,0.0,0.0,0.3170047801784699,-0.16151666666666667,-0.25,0.0,0.4518766900998054
20200813-6186,-1,0.9699,0.028539024390243906,-0.0,0.0,0.2769413981139188,0.08420588235294117,0.0772,0.1027,0.3845528502966533
20200708-19978,-1,-0.9775,-0.020969444444444443,0.0,0.0,0.3067281078119734,-0.027560714285714286,0.0,0.0,0.35979664230475455
20200415-9749,0,0.9602,0.07219375,0.0,0.0,0.25663877573534655,0.08381481481481481,0.0,0.0,0.2888482873652786
20200810-22857,-1,-0.6288,-0.029007692307692304,0.0,0.0,0.30775221541797965,-0.07888181818181818,-0.2263,0.0,0.41856643399754534
20200918-7322,1,0.9372,0.12514615384615385,0.0,0.0,0.1963075319507423,0.1879,0.0387,0.0,0.2679624440636625
20200518-31715,-1,-0.9403,-0.07836129032258064,0.0,0.0,0.27231064528185256,-0.1579,0.0,0.0,0.3132355365109989
20200726-13689,-1,-0.9991,-0.2597259259259259,-0.03645,0.0,0.4231376884678561,-0.4397035714285714,-0.6059000000000001,0.0,0.4794821309661251
20200917-76944,1,0.9782,0.10057575757575758,0.0,0.0,0.332065654361068,0.11202,0.0,0.0,0.45394987784996704
20200714-48700,-1,-0.8829,-0.022987837837837838,0.0,0.0,0.28383933500366904,-0.026175675675675678,0.0,0.0,0.3639744328750381
20200720-56402,1,0.9231,0.13056,0.0129,0.0,0.29143652550769955,0.19731666666666667,0.0387,0.0,0.3235809863422482
20200811-76623,-1,0.9904,0.08175,0.0,0.0,0.2836189237143546,0.15928695652173913,0.0,0.0,0.426753013085665
20200526-84566,0,0.8576,0.08457777777777778,0.0,0.0,0.30281844497534155,0.07899090909090908,0.0,0.0,0.34884532246866157
20200822-38653,-1,-0.7322,-0.04119166666666667,0.0,0.0,0.35754576970026586,-0.0928875,-0.18285,-0.3818,0.47985506780042453
20200902-69224,1,0.9912,0.0846125,0.0,0.0,0.2912174871874112,0.1625875,0.0,0.0,0.3402767437597668
20200125-2629,-1,-0.9974,-0.1579741379310345,0.0,0.0,0.365563811855126,-0.20927954545454544,-0.25,0.0,0.3785785925246899
20200508-66627,1,0.9835,0.0982075,0.0,0.0,0.3898538023333234,0.1525608695652174,0.0,0.0,0.47678172267559155
20200701-64365,0,0.9699,0.0688609756097561,0.0,0.0,0.389586038512581,0.050359259259259256,0.0,0.0,0.47166208498698103
20200619-67693,0,0.8569,0.12299,0.0,0.0,0.3368820103537736,0.18282857142857145,0.0,0.0,0.2917416945287914
20200708-46486,1,0.9231,0.09095,0.0,0.0,0.3218421274476044,0.11244615384615385,0.0,0.0,0.33421174912686397
20200602-42631,0,0.9708,0.186345,0.12825,0.0,0.3863109906215457,0.21723529411764705,0.1285,0.0,0.3893048222622964
20200327-100325,-1,-0.8925,-0.04249047619047619,0.0,0.0,0.2637509736470621,-0.1063875,0.06675,0.1335,0.4321055121075754
20200811-25455,1,0.9586,0.21067083333333333,0.18489999999999998,0.0,0.3776279335968658,0.20136521739130434,0.0516,0.0,0.38810478370924034
20200928-57097,-1,-0.9901,-0.13885945945945946,0.0,0.0,0.4121686642818981,-0.25528333333333336,-0.26495,0.0,0.5195268742380471
20200322-46384,-1,0.9201,0.08461764705882353,0.0,0.0,0.34735862165998194,0.11065384615384617,0.0,0.0,0.3935766108892311
20200519-40420,-1,-0.9747,-0.06794,0.0,0.0,0.4712581589744627,-0.11752499999999999,0.0,0.0,0.4903145578350698
20200730-11085,-1,-0.9885,-0.1378478260869565,0.0,0.0,0.42802382691658364,-0.13165,0.0,0.0,0.44421781384402365
20200724-17238,0,-0.8151,-0.06997142857142857,0.0,0.0,0.34265247998637965,-0.07389444444444444,0.0,0.0,0.402276967153812
20200131-56069,1,-0.636,-0.09375714285714286,0.0,0.0,0.3949441329647338,-0.09585714285714286,0.0,0.0,0.3424769600473371
20200311-75054,-1,-0.926,-0.13565,-0.0386,0.0,0.264417540706613,-0.14256,-0.1577,0.0,0.2682096650010957
20200331-108191,-1,-0.9894,-0.32355833333333334,-0.2616,-0.25,0.4215596645362183,-0.9894,-0.9894,-0.9894,0.0
20200521-99155,-1,0.3716,-0.021335999999999997,0.0,0.0,0.23594248939942972,-0.03389999999999999,0.0,0.0,0.29888047555279795
20200528-2661,-1,-0.9626,-0.038482978723404254,0.0,0.0,0.23815764698337763,-0.05035365853658537,0.0,0.0,0.27358528174785673
20200419-37364,-1,0.9851,0.06881463414634147,0.0,0.0,0.3377363996366105,0.17478636363636363,0.0778,0.0,0.5315343059957779
20200307-39635,-1,-0.9022,-0.1615,-0.0516,0.0,0.40168023885388526,-0.1413125,-0.0258,0.0,0.37951466848298504
20200423-69189,0,0.9572,-0.004370833333333335,0.0,0.0,0.5163634996130525,-0.005912500000000017,0.0,0.0,0.5450611053760395
20200307-50502,1,0.9932,0.22889199999999998,0.0,0.0,0.4388735279508209,0.364075,0.52665,0.0,0.504088886217831
20200124-12819,-1,0.9575,0.028098550724637687,0.0,0.0,0.32033989443856986,0.018895121951219517,0.0,0.0,0.42744271043955345
20200628-2059,0,-0.9776,-0.1363346153846154,0.0,0.0,0.2678068993514482,-0.12068666666666666,0.0,0.0,0.22041785428791583
20200515-23983,-1,-0.9905,-0.12765869565217391,0.0,0.0,0.303883582955057,-0.17102058823529412,-0.2143,0.0,0.3330586918595331
20200817-14873,-1,0.9594,0.20503076923076924,0.128,0.0,0.3476456626301587,0.2917,0.296,-0.0516,0.282713290180077
20200327-83207,-1,-0.9364,-0.04811379310344827,0.0,0.0,0.40528849471417433,-0.07537727272727272,0.0,0.0,0.44487542682481573
20200403-84377,0,0.9574,0.06570322580645162,0.0,0.0,0.2885793293783061,0.08848,0.0,0.0,0.31119706168278644
20200831-46268,-1,0.9623,0.018923529411764707,0.0,0.0,0.29286543492836187,0.026637837837837835,0.0,0.0,0.3740715629982767
20200222-39640,-1,-0.9732,-0.04535588235294117,0.0,0.0,0.3455970385487023,-0.15589999999999998,-0.1636,0.0,0.5076706461870727
20200811-88994,0,-0.9062,-0.10688666666666666,0.0,0.0,0.28322503153656614,-0.13360833333333333,-0.0129,0.0,0.3109666955863423
20200930-51596,0,0.9796,0.11766285714285714,0.0,0.0,0.24612403387109433,0.160995,0.0129,0.0,0.3504486716696184
20200408-53846,0,0.9776,0.014881034482758623,0.0,0.0,0.3938701354581563,0.023704651162790698,0.0,0.0,0.43932495784216247
20200827-75543,0,-0.9857,-0.05425633802816901,0.0,0.0,0.3747487239762148,-0.08864285714285715,0.0,0.0,0.49606753992099234
20200616-21877,1,-0.9873,-0.07855277777777778,0.0,0.0,0.3193748141866049,-0.13511578947368422,-0.0258,0.0,0.4109808655594025
20200207-43420,-1,-0.9813,-0.1434,-0.0963,0.0,0.28351506596930426,-0.2273888888888889,-0.2616,0.0,0.3805571542545495
20200422-56654,1,-0.9555,-0.0350575,0.0,0.0,0.3007970801782325,-0.038975,0.0,0.0,0.4235556502692415
20200805-4322,-1,-0.9893,-0.1813909090909091,0.0,0.0,0.3962514398128025,-0.22430526315789473,-0.128,0.0,0.39835139271447556
20200412-449,-1,-0.9696,-0.09331904761904762,0.0,0.0,0.3484024350948847,-0.10991052631578947,0.0,0.0,0.36519721693575063
20200812-40639,0,-0.128,0.0008289473684210519,0.0,0.0,0.26456831364149125,0.00881333333333333,0.0,0.0,0.4368426518655074
20200514-85361,-1,0.9604,0.0976775,0.0,0.0,0.3157800567543017,0.22680769230769232,0.128,0.0,0.44987569815114736
20200507-32562,-1,-0.915,-0.031225352112676057,0.0,0.0,0.37218158702905707,-0.039661538461538456,0.0,0.0,0.4454172153163787
20200617-2292,0,-0.9451,-0.09454230769230769,-0.0386,0.0,0.33426717339586187,-0.13165,-0.1655,0.0,0.40876621170705063
20200507-36055,-1,-0.9856,-0.1401939393939394,0.0,0.0,0.38638651235901855,-0.1285111111111111,0.0,0.0,0.37196061453523827
20200423-14478,1,0.3605,-0.017704,0.0,0.0,0.23742893754553174,0.012926086956521738,0.0,0.0,0.33712596693274793
20200313-94949,-1,0.0534,0.006031250000000001,0.0,0.0,0.3200786616574705,0.002483333333333333,0.0,0.0,0.3242006370375536
20200417-31018,-1,-0.2854,-0.00261923076923077,0.0,0.0,0.3224452046701779,-0.0037833333333333343,0.0,0.0,0.3875252239102207
20200713-62493,-1,-0.9898,-0.37677777777777777,-0.3612,0.0,0.4811344921185477,-0.184804,0.0,0.0,0.3691494954405329
20200319-66041,-1,-0.2732,-0.06227499999999999,-0.10115,-0.2023,0.38627053586184906,-0.04151666666666666,0.0,0.0,0.31675190300226386
20200806-20796,1,0.9761,0.08455454545454545,0.0,0.0,0.2736998434371504,0.18235294117647058,0.2716,0.0,0.3279416736477371
20200228-19383,-1,-0.977,-0.18174285714285715,-0.10115,0.0,0.3006399999864235,-0.2561941176470588,-0.2263,0.0,0.3596842757206548
20200616-36213,-1,0.6542,0.04418461538461539,0.0,0.0,0.5636184331840577,0.030818181818181824,0.0,0.0,0.5752700627739696
20200914-83448,-1,-0.9721,-0.1000921052631579,0.0,0.0,0.3412476785204082,-0.11385882352941178,0.0,0.0,0.3615707368085296
20200701-48015,0,-0.8336,-0.0312925,0.0,0.0,0.33058772163186884,-0.04962,0.0,0.0,0.4257353257600313
20200707-79303,-1,-0.5713,-0.02278076923076923,0.0,0.0,0.17072481685951804,-0.04846153846153846,0.0,0.0,0.20923527257597085
20200311-47558,0,-0.8412,-0.17984999999999998,0.0,0.0,0.3948790373857122,-0.21581999999999998,-0.0129,0.0,0.42350005855961814
20200715-78740,-1,-0.9588,-0.09611904761904762,0.0,0.0,0.3808458238473282,-0.12876470588235295,0.0,0.0,0.3923649080986556
20200416-70810,1,-0.8927,-0.019164999999999998,0.0,0.0,0.27937000186431377,-0.017099999999999997,0.0,0.0,0.35088635013959396
20200904-71746,-1,-0.9582,-0.08841904761904762,0.0,0.0,0.4256221458826592,-0.08945416666666667,0.0,0.0,0.39949695032124116
20200626-80246,0,0.8112,0.015740677966101697,0.0,0.0,0.4522112724772267,0.02043404255319149,0.0,0.0,0.49476835167563815
20200403-21277,0,-0.9651,0.014391304347826088,0.0,0.0,0.39884991937476333,-0.17663333333333334,-0.25175000000000003,0.6486,0.6173852623947402
20200716-47223,-1,-0.9837,-0.04396875,0.0,0.0,0.2950957910551038,-0.09287826086956522,0.0,0.0,0.427433839229786
20200714-19397,-1,-0.9022,-0.08744210526315789,0.0,0.0,0.28307606996184176,-0.13927272727272727,0.0,0.0,0.375613290235653
20200715-56541,1,-0.9025,-0.020416666666666666,0.0,0.0,0.3800978833309894,-0.05007391304347826,-0.0258,0.0,0.43133803067985443
20200722-8766,-1,-0.3818,-0.0037306122448979577,0.0,0.0,0.2773295204994259,-0.04341666666666667,0.0,0.0,0.4299471055968526
20200522-73700,-1,-0.6924,-0.11066875,-0.23015,0.0,0.28339386399221406,-0.11646666666666666,-0.0129,0.0,0.31189271748827707
20200910-41749,-1,-0.9987,-0.21875576923076923,-0.25,0.0,0.4852784828613921,-0.2555896551724138,-0.25,-0.25,0.5438462418005394
20200520-37493,1,0.9686,0.29007272727272726,0.34,0.0,0.27362170332217,0.2897090909090909,0.34,0.0,0.26250782656573207
20200401-71011,-1,-0.4767,0.01707500000000002,0.20095,-0.8442,0.5323869334187307,0.013660000000000016,0.0,0.0,0.47623032914756697
20200401-71790,0,-0.9701,-0.1625714285714286,-0.0516,0.0,0.2534313960759535,-0.21718666666666667,-0.2263,0.0,0.3017853781893498
20200429-38055,0,0.5658,0.085295,0.10235000000000001,0.0,0.348157429153824,0.06309,0.0,0.0,0.3443322841384467
20200331-27725,0,0.9977,0.12186666666666666,0.0,0.0,0.26723935588407133,0.24277142857142858,0.064,0.0,0.35407229170764276
20200825-47605,1,0.9716,0.2212,0.4033,0.5106,0.40360025024769247,0.2010909090909091,0.296,0.5106,0.39003647021679083
20200720-31312,-1,-0.7328,-0.0597047619047619,0.0,0.0,0.4279899681469965,-0.04735217391304347,0.0,0.0,0.40514072259397693
20200820-29864,0,0.8126,0.08852105263157894,0.0,0.0,0.30732562463417645,0.11083333333333333,0.0,0.0,0.3477454905850286
20200314-14927,-1,-0.012,-0.013522727272727273,0.0,0.0,0.3891264248075053,-0.04300625,0.0,0.0,0.45653697888116085
20200722-99166,-1,-0.9942,-0.0960037037037037,0.0,0.0,0.3403435216106397,-0.136475,-0.1403,0.0,0.496348267348643
20200403-49514,1,0.9679,0.15945454545454546,0.1531,0.0,0.28379746949446194,0.2026,0.2023,0.0,0.26367003855343374
20200921-24725,1,0.998,0.45143809523809525,0.5106,0.0,0.3401424330177419,0.6273909090909091,0.7184,0.3182,0.31455705496212655
20200210-91502,-1,-0.945,-0.07488571428571428,0.0,0.0,0.32744707211091933,-0.09122222222222222,0.0516,-0.6152,0.514187179013371
20200807-74762,1,-0.9934,-0.1386095238095238,0.0,0.0,0.31693626429233807,-0.24505714285714283,-0.125,0.0,0.4879541982520867
20200416-68576,-1,0.3931,-0.003173913043478262,0.0,0.0,0.25462214155812257,-0.025069230769230778,0.0,0.0,0.35685483664631734
20200209-13236,-1,0.1655,0.01153333333333334,0.0,-0.25,0.21840185184400085,0.1655,0.1655,0.1655,0.0
20200921-20288,-1,-0.9256,-0.021434285714285715,0.0,0.0,0.35368222051752063,-0.05108636363636363,0.0,0.0,0.45105406579322066
20200908-18623,-1,-0.9716,-0.11274117647058823,0.0,0.0,0.33124323666138455,-0.11722692307692308,-0.045,0.0,0.41942670814567495
20200314-34070,-1,-0.9806,-0.12071333333333333,0.0,0.0,0.43814019805942883,-0.1095074074074074,0.0,0.0,0.43136139692831243
20200606-44000,-1,0.6556,-0.024554285714285716,0.0,0.0,0.419824649342935,-0.001495238095238097,0.0,0.0,0.5176954008609332
20200824-34649,-1,-0.9856,-0.07189411764705883,0.0,0.0,0.4242797945731625,-0.12434181818181819,-0.2263,0.0,0.4951488616167168
20200811-87185,1,0.9677,0.18523529411764705,0.2023,0.0,0.35417741141174613,0.2355,0.28175,0.0,0.3423072492033186
20200220-10739,1,-0.5989,0.005240624999999997,0.0,0.0,0.31382353606303875,0.0015653846153846122,0.0,0.0,0.3234001569172205
20200721-34357,1,0.9905,0.18406562499999998,0.0,0.0,0.25919986932068345,0.43763,0.39744999999999997,0.0,0.34505304244420165
20200429-93784,1,0.9881,0.06842,0.0,0.0,0.31111214569669243,0.10783548387096774,0.0,0.0,0.3823617317438883
20200914-67239,-1,-0.9967,-0.19123448275862068,-0.1779,0.0,0.4308897741089118,-0.3648,-0.67445,-0.8658,0.5482005016415071
20200509-7491,0,-0.2263,-0.04665999999999999,0.0,0.0,0.33354573659394904,-0.038883333333333325,0.0,0.0,0.3049803513707436
20200415-1836,0,0.9545,0.120065,0.0,0.0,0.26464331330112995,0.17880000000000001,0.08945,0.0,0.2682738872336042
20200308-34636,-1,-0.994,-0.2452967741935484,-0.25,0.0,0.2403701681397458,-0.78724,-0.8126,-0.956,0.17339435515610072
20200630-20718,0,0.6008,0.030823076923076922,0.0,0.0,0.23358170750904325,0.040069999999999995,0.064,0.0,0.26562758535212416
20200416-20671,0,-0.4641,0.01328305084745763,0.0,0.0,0.32896929492106375,0.007320547945205479,0.0,0.0,0.3165884385772728
20200826-13378,0,0.8278,0.06748181818181818,0.0,0.0,0.298922067430115,0.07095,0.0,0.0,0.32811467126600724
20200731-19888,-1,-0.9716,-0.12319583333333334,0.0,0.0,0.32563910171533794,-0.22422857142857144,-0.25,-0.25,0.4012280370999789
20200128-98560,-1,-0.9898,-0.30035,-0.29500000000000004,0.0,0.40577513257256875,-0.373775,-0.38835,-0.25,0.4512993761074792
20200803-64818,-1,-0.9633,-0.07640294117647059,0.0,0.0,0.3073973377025956,-0.08551034482758621,0.0,0.0,0.33767550874075747
20200604-81862,-1,0.6593,0.027442857142857137,0.0,0.0,0.3626246696246798,0.043111111111111114,0.0,-0.3182,0.4631945078460726
20200319-9062,0,0.9373,0.02563720930232558,0.0,0.0,0.38260371752242484,0.049930303030303026,0.0294,0.0,0.4412829748927679
20200407-94804,1,0.9841,0.1014063829787234,0.0,0.0,0.4955730714114658,0.17432941176470587,0.0,0.0,0.5803681131678471
20200622-67364,1,0.8991,0.07507142857142858,0.0,0.0,0.25336379668253267,0.08666666666666667,0.0,0.0,0.25937473105742415
20200218-56868,-1,-0.9407,-0.10495714285714286,0.0,0.0,0.3479325900384791,-0.12430588235294118,-0.1531,0.0,0.34781328065600375
20200711-22579,-1,-0.996,-0.15550196078431372,-0.0258,0.0,0.33709598300908483,-0.2543105263157895,-0.3182,0.0,0.5195204883196942
20200426-20673,-1,0.8838,-0.021297752808988765,0.0,0.0,0.32163161965048626,-0.04914520547945206,0.0,0.0,0.4621686903798477
20200125-20160,0,-0.8402,-0.0836,0.0,-0.2023,0.47242330594499676,-0.059714285714285706,0.0,0.0,0.4010527447626218
20200324-30490,1,0.9005,0.010591428571428578,0.0,0.0,0.32267403930408833,0.017883333333333338,0.0,0.0,0.4134845573496871
20200203-90775,-1,-0.9652,-0.1335611111111111,0.0,0.0,0.40745194827650655,-0.1100375,0.0,0.0,0.4359879827400636
20200821-32478,0,-0.9871,0.048854166666666664,0.0,0.0,0.475336429524015,-0.03905185185185186,0.0,0.0,0.47623828526108913
20200417-72606,-1,0.597,0.010351428571428574,0.0,0.0,0.37162333801189346,0.060666666666666674,0.0,0.0,0.481895148807751
20200416-43635,1,0.9987,0.2560065217391304,0.26115,0.0,0.41924862728362755,0.5223111111111112,0.5106,0.4215,0.43449893605404694
20200912-13356,-1,-0.9947,-0.1566776119402985,-0.1027,0.0,0.3656860825780933,-0.2718102564102564,-0.25,0.0,0.40140719002342046
20200126-20875,-1,0.9068,0.03225689655172414,0.0,0.0,0.27609955295525695,0.03242903225806452,0.0,0.0,0.25421561548639765
20200322-38825,-1,0.1779,-0.036047916666666666,0.0,0.0,0.259289809696267,-0.04333846153846154,0.0,0.0,0.34646740780996443
20200315-37764,-1,0.5105,0.00978214285714286,0.0,0.0,0.33843887193740807,-0.02732941176470588,0.0,0.0,0.3670975776110342
20200627-8898,-1,-0.8277,-0.01976136363636364,0.0,0.0,0.39564498848882484,-0.007293750000000003,0.0,0.0,0.4183737849331275
20200919-19541,-1,-0.7454,-0.07983939393939395,0.0,0.0,0.35632996875078543,-0.060817948717948725,0.0,0.0,0.3564656928663178
20200731-53555,-1,-0.9908,-0.146571875,0.0,0.0,0.3369877039989506,-0.19745454545454547,-0.17715,0.0,0.3944237438999662
20200303-89314,-1,-0.9538,-0.07365283018867924,0.0,0.0,0.3760942844472338,-0.14701304347826089,-0.1027,0.0,0.5103412484111662
20200408-45080,1,-0.8625,-0.04975217391304348,0.0,0.0,0.3803509167684212,-0.054490476190476186,0.0,0.0,0.3977265642489788
20200318-2859,-1,-0.9961,-0.16131315789473682,0.0,0.0,0.38400622333982026,-0.23113478260869563,-0.25,0.0,0.41358787995097734
20200806-38033,0,0.802,0.026986206896551724,0.0,0.0,0.15164080909228916,0.04347777777777778,0.0,0.0,0.1906052947718445
20200328-41300,-1,-0.998,-0.2288054054054054,-0.128,0.0,0.3941812293760361,-0.32585,-0.32389999999999997,0.0,0.4041232211648019
20200206-12015,1,0.7543,0.007291463414634145,0.0,0.0,0.20539501870204768,-0.007332000000000003,0.0,0.0,0.3661707718756373
20200505-4038,1,0.9692,0.014535,0.0,0.0,0.29090812772248215,0.055754285714285715,0.0,0.0,0.3579238788528383
20200302-51268,-1,-0.9972,-0.213664,-0.1779,0.0,0.43143208956219287,-0.20827435897435898,-0.25,0.0,0.369175088554475
20200504-59603,1,0.9442,0.15712,0.0,0.0,0.26767022048284217,0.21335454545454546,0.296,0.0,0.29723670813201564
20200505-66007,-1,0.8166,0.06284444444444445,0.12165000000000001,0.3182,0.38469402736637076,0.035457692307692315,0.0,0.0,0.3290035283573683
20200806-55154,1,0.9524,0.32560833333333333,0.37495,0.0,0.4236037150811541,0.43414444444444444,0.5859,0.743,0.43832992929251385
20200825-16946,1,0.9869,0.35813,0.32135,0.0,0.36341763592318965,0.30905,0.3021,0.0,0.36153430565669237
20200219-65693,0,-0.4586,-0.03312857142857143,0.0,0.0,0.36388421123164094,-0.06014444444444445,0.0,0.0,0.34686150970319585
20200727-78276,0,0.9518,0.04801764705882353,0.0,0.0,0.36495944091379623,0.2316888888888889,0.7184,0.0772,0.7350069817422665
20200929-58409,-1,-0.9846,-0.2083730769230769,-0.17804999999999999,0.0,0.4094383907422574,-0.27384444444444445,-0.48385,0.0,0.46664186389114565
20200215-32163,1,-0.9931,-0.12082222222222222,0.0,0.0,0.3648338021755612,-0.13647499999999999,-0.064,0.0,0.37383038994499707
20200628-11725,-1,-0.9621,-0.12723888888888887,0.0,0.0,0.2789115344391656,-0.22240526315789474,0.0,0.0,0.34333553248540416
20200814-17005,0,0.7816,0.02804848484848485,0.0,0.0,0.34087395175130764,0.027317647058823537,0.0,-0.25,0.38175928392778075
20200626-31419,1,0.9417,0.13827333333333333,0.0,0.0,0.2767500712837407,0.17284166666666667,0.0,0.0,0.2997905003451948
20200527-74042,1,0.9517,0.05948837209302326,0.0,0.0,0.3150789980006139,0.06883714285714286,0.0,0.0,0.3506242629414931
20200529-35072,-1,-1.0,-0.13599672131147542,0.0,0.0,0.39281081631383036,-0.17627374100719426,0.0,0.0,0.437508939264519
20200824-74622,-1,0.9856,0.05142571428571429,0.0,0.0,0.3208456356415092,0.11674999999999999,0.0,0.0,0.4067609334049233
20200501-62795,-1,0.0516,0.009180000000000011,0.0,0.0,0.2470584659549233,0.01311428571428573,0.0,0.0,0.2952039703012692
20200924-57783,1,0.9803,0.2979833333333333,0.34455,0.0,0.32597804586948625,0.2714166666666667,0.1436,0.0,0.34912840721176247
20200610-18774,-1,-0.8481,-0.04066176470588235,0.0,0.0,0.3088459562865165,-0.08512105263157894,0.0,0.0,0.3255778758469273
20200217-13808,-1,0.9818,0.013712,0.0,0.0,0.5198527270833538,0.027582608695652176,0.0,0.0,0.5376933129842488
20200629-82025,-1,-0.9804,-0.20916923076923077,-0.25,-0.25,0.3507663881463765,-0.20780833333333332,-0.34615,0.0,0.3917798966646394
20200705-3848,-1,-0.34,-0.03112999999999999,0.0,0.0,0.2530990321988609,-0.03891249999999999,0.0,0.0,0.2824377163088351
20200311-45651,-1,-0.9771,-0.2451142857142857,-0.17635,-0.25,0.34898751688101326,-0.23019333333333333,-0.1531,-0.25,0.3358134411974733
20200505-42799,-1,-0.9899,-0.04628913043478261,0.0,0.0,0.38036864168527973,-0.07343939393939394,0.0,0.0,0.4102465237711337
20200213-78120,-1,-0.9965,-0.17715714285714285,0.0,0.0,0.3851816189693334,-0.3148,-0.4939,0.0,0.49615488276576264
20200514-3532,1,0.6121,-0.0068028571428571365,0.0,0.0,0.2948903626635444,0.004637499999999999,0.23775000000000002,0.2732,0.45450657018765966
20200523-50137,0,-0.9661,-0.2519181818181818,0.0,0.0,0.30732712751364,-0.3778444444444445,-0.5423,0.0,0.2701166007943447
20200818-24976,-1,-0.5267,-0.053766666666666664,0.0,0.0,0.193300467033982,-0.05865454545454545,0.0,0.0,0.20118448956859275
20200719-12911,-1,-0.5994,-0.027838888888888885,0.0,0.0,0.3192832844197712,-0.03340666666666666,0.0,0.0,0.34949131313318155
20200326-95918,-1,-0.9555,-0.08808214285714284,0.0,0.0,0.3632628024030177,-0.09398888888888889,0.0,0.0,0.41133463788135766
20200323-90597,-1,-0.9883,-0.12468787878787879,0.0,0.0,0.33588629908598877,-0.22387222222222222,-0.128,0.0,0.42706062906226994
20200423-72011,0,-0.2525,-0.03391333333333332,0.0,0.0,0.2881239035939612,-0.042391666666666654,-0.0129,0.0,0.321573971423718
20200709-16842,-1,-0.9926,-0.053764285714285716,0.0,0.0,0.35204200630135074,-0.0958078947368421,0.0,0.0,0.38932560475342554
20200617-80188,-1,0.9919,0.2231842105263158,0.3612,0.0,0.40299090529525916,0.30206923076923076,0.4019,0.0,0.45896912144268465
20200404-31908,0,0.9868,0.10060930232558139,0.0,0.0,0.26359120200403474,0.28282222222222225,0.0,0.0,0.431480535875613
20200805-61218,-1,-0.9979,-0.15822777777777777,0.0,0.0,0.42690283282362923,-0.2013974358974359,0.0,0.0,0.46916097859858213
20200504-83451,1,0.9913,0.23885,0.1801,0.0,0.43771327944214805,0.29294,0.3609,-0.296,0.4872095241269407
20200910-57371,-1,-0.9932,-0.258705,-0.3506,0.0,0.4701653948080398,-0.24941666666666668,-0.3612,-0.3612,0.4232669245155932
20200505-79442,1,0.9925,0.2801238095238095,0.296,0.0,0.2735172057002246,0.3133764705882353,0.296,0.0,0.29675454608621815
20200728-39326,0,-0.6226,0.03143181818181818,0.0,0.0,0.3259301004068812,0.059954545454545455,0.0,0.0,0.4215565709123022
20200204-9326,-1,-0.5618,-0.067428,0.0,0.0,0.35538844159032523,-0.07458,0.0,0.0,0.39154060274765884
20200229-26011,-1,-0.25,-0.03744285714285713,0.0,0.0,0.28429297693522765,-0.043683333333333324,0.0,0.0,0.30662731133340937
20200523-29969,-1,-0.0772,-0.016118181818181816,0.0,0.0,0.3020429283703103,-0.0197,0.0,0.0,0.33381534815922814
20200617-41946,-1,-0.9337,-0.09111999999999999,0.0,0.0,0.34171443282366637,-0.12435833333333332,-0.1591,0.0,0.3851991291490964
20200507-35207,1,0.9733,0.10194722222222222,0.0,0.0,0.3535554007240914,0.13622727272727272,0.0,0.0,0.4271593700693179
20200719-39050,1,0.7003,0.07189999999999999,0.0,0.0,0.17927321328073528,0.08628,0.0,0.0,0.19319926397375325
20200401-15695,0,0.9081,0.18906666666666666,0.1027,0.0,0.27920797505324474,0.2430857142857143,0.1779,-0.2023,0.2951258880476573
20200307-46258,0,0.9978,0.19328285714285715,0.1779,0.0,0.38087306433337326,0.30639375,0.3073,0.3883,0.41264850882553483
20200125-18724,-1,-0.9867,-0.209415,0.0,0.0,0.3540380407173783,-0.23965,-0.1366,0.0,0.3891513217888383
20200502-39117,-1,-0.9866,-0.35525555555555555,-0.296,0.0,0.3755772804367257,-0.35525555555555555,-0.296,0.0,0.3755772804367257
20200129-3466,-1,-0.6648,-0.07177,0.0,0.0,0.32293791678897044,-0.12718888888888888,0.0,0.0,0.4125489195085285
20200821-25984,-1,0.9868,0.0936,0.0,0.0,0.3993440408234189,0.109596875,0.0,0.0,0.4083262746294125
20200428-4094,-1,-0.9624,-0.15956521739130433,0.0,0.0,0.32968994605432017,-0.15000416666666666,0.0,0.0,0.3314419525336308
20200622-33970,0,0.9758,0.3111,0.4767,0.0,0.34391256288349065,0.29049166666666665,0.37495,0.0,0.3235817682810465
20200506-86351,1,0.9933,0.18484583333333332,0.10115,0.0,0.4112497426333203,0.28252222222222223,0.4118,0.0,0.5467242871620389
20200318-19270,0,-0.8762,-0.07573529411764707,0.0,0.0,0.30610989364870156,-0.07487692307692308,0.0,0.0,0.325456782322574
20200307-1231,-1,-0.989,-0.23103888888888888,-0.24914999999999998,0.0,0.276743620098878,-0.2656642857142857,-0.23775000000000002,0.0,0.32685058317905724
20200905-49019,-1,-0.9988,-0.19566382978723404,-0.2144,0.0,0.42154387138259564,-0.22708235294117646,-0.22035,0.0,0.4794855916810825
20200407-31202,-1,0.3906,-0.013007272727272721,0.0,0.0,0.3242124908448697,-0.03476363636363636,0.0,0.0,0.40274022217364114
20200518-16769,1,-0.7156,0.0267125,0.11315,0.0,0.35585678101414625,0.023744444444444443,0.0,0.0,0.3356100022053081
20200615-1544,1,0.9927,0.277904347826087,0.4404,0.0,0.44824032905327926,0.3396235294117647,0.4588,0.7579,0.5094761664221882
20200622-57145,-1,0.7814,0.0028322033898305096,0.0,0.0,0.22637063761254722,-0.0009952380952380888,0.0,0.0,0.3599201491815206
20200709-61592,-1,-0.7047,-0.007733333333333325,0.0,0.0,0.3263346220607853,-0.014472727272727262,0.0,0.0,0.352710574347011
20200430-20040,0,0.9462,-0.00484576271186441,0.0,0.0,0.3707814497773514,0.009683333333333332,0.0,0.0,0.4451118670252082
20200310-56405,-1,-0.9919,-0.12182499999999999,0.0,0.0,0.451660833526294,-0.18221666666666667,-0.125,0.0,0.6299091859149222
20200131-62826,-1,-0.9977,-0.3964888888888889,-0.50065,0.0,0.3530416844901666,-0.3895105263157895,-0.4019,0.0,0.3419375395329215
20200826-62290,-1,0.3453,0.0031967741935483864,0.0,0.0,0.4522438183987889,0.18345,0.46604999999999996,0.7579,0.6754633539282497
20200325-104622,0,0.4284,0.036258620689655165,0.0,0.0,0.3517272723998264,0.0445421052631579,0.0,0.0,0.43267858292488165
20200320-17373,-1,-0.9682,-0.05803333333333333,0.0,0.0,0.32444224070788863,-0.12118461538461539,0.0,0.0,0.4731158271683159
20200414-5827,-1,0.7285,0.0187375,0.0,0.0,0.3576804227851309,0.0032600000000000016,0.0,0.0,0.34544556734744764
20200522-78423,0,0.9622,0.09037894736842106,0.0,0.0,0.2785015441305532,0.12265714285714287,0.0,0.0,0.3182845732859774
20200403-4733,1,0.9883,0.04346666666666667,0.0,0.0,0.43087072207948773,0.23301666666666668,0.3155,0.926,0.6933867858001206
20200525-45538,1,0.9861,0.16218,0.0,0.0,0.29656093067024186,0.1552058823529412,0.0,0.0,0.37647495889007054
20200722-19452,-1,-0.9986,-0.5149904761904762,-0.5994,0.0,0.3304931263671965,-0.706790909090909,-0.836,0.0,0.3392324128342623
20200820-55152,0,0.6376,0.02500714285714286,0.0,0.0,0.28438083150931953,0.012898275862068966,0.0,0.0,0.29114430092746896
20200530-12576,-1,-0.9624,-0.083115,0.0,0.0,0.34171866612024576,-0.11208275862068966,0.0,0.0,0.3391516506174309
20200714-62025,-1,0.9432,0.04010384615384615,0.0,0.0,0.4531492066050051,0.061895454545454545,0.0,-0.296,0.47567184685288005
20200804-65286,1,0.9985,0.3270033333333333,0.1366,0.0,0.35585414192084686,0.442547619047619,0.4404,0.0,0.36310219421908213
20200813-85773,0,-0.9899,-0.18444166666666667,-0.21395,0.0,0.3740079242884508,-0.1066723404255319,0.0,0.0,0.3467591816895578
20200622-1665,1,0.9931,0.12123658536585366,0.0,0.0,0.2972986564055334,0.238408,0.0,0.0,0.35345236162176086
20200305-88230,0,0.296,0.0051642857142857185,0.0,0.0,0.3547282754993962,0.0072300000000000055,0.0,0.0,0.4197023637055193
20200316-17915,-1,0.8847,0.073965,0.0,0.0,0.252731340112381,0.09605625,0.0,0.0,0.2480575864813199
20200917-826,-1,-0.9176,-0.024954838709677414,0.0,0.0,0.42214821265087554,-0.09287777777777778,0.0,0.0,0.5231986339979148
20200923-55505,-1,-0.9824,-0.10925227272727273,0.0,0.0,0.2574335240659548,-0.25449444444444447,-0.2952,0.0,0.3284506092959999
20200715-28129,1,0.9979,0.18492033898305085,0.0,0.0,0.2840389348935781,0.271951724137931,0.0,0.0,0.3724948725596558
20200329-8004,-1,0.4404,0.09697500000000002,0.17,-0.6705,0.5107964877277447,0.09700000000000002,0.17,0.0,0.39390189556961175
20200724-53335,-1,-0.9556,-0.039909615384615384,0.0,0.0,0.308297339779695,-0.10139999999999999,0.0,0.0,0.4081677557599391
20200516-34974,-1,0.9791,0.13988421052631578,0.09,0.0,0.313856353772429,0.1255,0.08360000000000001,0.0,0.3055584048099479
20200409-82354,-1,0.898,0.03666285714285714,0.0,0.0,0.3180365415534279,0.03468108108108108,0.0,0.0,0.30943263148197264
20200818-74477,-1,-0.7827,-0.050565384615384616,0.0,0.0,0.3140448423912489,-0.06931363636363637,0.0,0.0,0.3388413872642191
20200405-38797,1,0.9994,0.17303888888888888,0.0,0.0,0.3355128577415127,0.19380571428571428,0.0157,0.0,0.33926148359791924
20200618-54802,-1,-0.9838,-0.08198409090909091,0.0,0.0,0.2897282723386783,-0.11858275862068965,0.0,0.0,0.3573609698976416
20200420-5018,-1,-0.9954,-0.27508846153846156,-0.234,0.0,0.38040636301291025,-0.5331444444444444,-0.7506,-0.6369,0.4771975554354614
20200627-36665,-1,-0.9376,-0.04737857142857142,0.0,0.0,0.32921660877482667,-0.09221666666666667,-0.0258,0.0,0.37397961894853154
20200218-56,0,-0.9951,-0.3360433333333333,-0.28459999999999996,0.0,0.38181125414121686,-0.9951,-0.9951,-0.9951,0.0
20200124-60712,-1,-0.0772,-0.00306,0.0,0.0,0.1573529450283372,-0.0772,-0.0772,-0.0772,0.0
20200625-8968,-1,0.6378,-0.0029099999999999977,0.0,0.0,0.3240923421392942,-0.003357692307692305,0.0,0.0,0.34812886116966796
20200630-7569,0,0.9954,0.1486222222222222,0.0,0.0,0.3063209782701718,0.2964153846153846,0.3182,0.8834,0.3844795180023425
20200406-26239,-1,-0.5849,-0.08281249999999998,0.0,0.0,0.2981102289317661,-0.0736111111111111,0.0,0.0,0.2822633893859675
20200319-75775,0,-0.4404,-0.02806249999999999,0.0,0.0,0.3151952447987596,-0.037416666666666654,0.0,0.0,0.3634749712459198
20200617-87837,-1,-0.9382,-0.26308888888888887,-0.2732,0.0,0.22429624480159885,-0.295975,-0.3275,0.0,0.21648080601984093
20200526-82324,-1,0.8486,0.043257142857142855,0.0,0.0,0.33719767350977997,0.06987619047619048,0.0,0.0,0.4269115720913261
20200328-37066,-1,0.7792,0.031374358974358973,0.0,0.0,0.46819035999120234,0.014174999999999998,0.0,0.0,0.522995541243627
20200722-62668,-1,0.8225,0.03818947368421053,0.0,0.0,0.4094999439557019,0.02640000000000001,0.0,0.0,0.4596551655861163
20200721-48608,0,0.8891,0.10049999999999999,0.0,0.0,0.32317587574982554,0.0991,0.0,0.0,0.37882220895823937
20200405-41120,-1,-0.6222,0.02427368421052631,0.0,0.0,0.3267222767880765,-0.0351923076923077,-0.1027,0.0,0.377224900192768
20200504-3216,0,0.961,0.10942380952380952,0.0,0.0,0.36163323554694776,0.14592857142857144,0.0129,0.0,0.43124823880149094
20200901-11793,0,0.9866,0.15963913043478262,0.0,0.0,0.3286028801100732,0.22830625000000002,0.08895,0.0,0.3485061252488075
20200708-83045,0,-0.9919,-0.059781521739130435,0.0,0.0,0.334429150529333,-0.21442222222222224,-0.2044,0.0,0.5100743045604625
20200416-39756,-1,-0.9623,-0.09778125,0.0,0.0,0.40964111918048157,-0.20495,-0.1121,0.0258,0.4755926749856436
20200414-66164,1,0.1531,0.021772222222222228,0.0,0.0,0.32654338627092716,0.03986428571428572,0.0,0.0,0.35051049017752633
20200508-18896,0,-0.1832,-0.018309523809523814,0.0,0.0,0.2419011504229852,-0.02563333333333334,0.0,0.0,0.28589316108566776
20200618-72281,0,0.9919,0.2152896551724138,0.0,0.0,0.26498352498537375,0.3945214285714286,0.3715,0.0,0.29421967540930904
20200328-33443,-1,-0.0516,-0.020119999999999992,0.0,0.0,0.300550737147657,-0.016766666666666662,0.0,0.0,0.27446647437447724
20200721-14229,1,0.9762,0.0909590909090909,0.0,0.0,0.26107574250865645,0.2002888888888889,0.28459999999999996,0.0,0.3788011247327091
20200421-34471,1,0.9912,0.1829,0.0,0.0,0.364244908452175,0.19352105263157893,0.0,0.0,0.39903112341210123
20200402-47821,1,0.9825,0.09202857142857143,0.0,0.0,0.37811816639127777,0.08265806451612903,0.0,0.0,0.43216158475527344
20200615-48943,1,0.9493,0.10755652173913043,0.0,0.0,0.29279199594976896,0.14769375,0.0258,0.0,0.36653185650900455
20200331-39020,-1,-0.9991,-0.1590290322580645,0.0,0.0,0.38324299896267144,-0.28397222222222224,-0.273,0.0,0.395369671328205
20200318-61097,-1,0.9325,0.09685,0.0,0.0,0.26760002335575384,0.13628823529411765,0.1779,0.0,0.3123375754501246
20200716-31464,1,0.7351,0.23775000000000002,0.2202,0.0,0.2390419785309685,0.1585,0.0,0.0,0.22506703445862528
20200129-69273,-1,0.0772,0.029808333333333336,0.0,0.0,0.33485976780918636,0.03974444444444444,0.0,0.0,0.38615175805234087
20200519-24628,-1,-0.774,-0.080372,0.0,0.0,0.30399255980368994,-0.07284,0.0,0.0,0.28879985318555823
20200402-93078,-1,-0.9529,-0.040342222222222224,0.0,0.0,0.26687698080567124,-0.04895882352941177,0.0,0.0,0.3026192133763127
20200325-47367,-1,-0.8775,-0.03387619047619047,0.0,0.0,0.3559094559880055,-0.0591181818181818,0.0772,0.6124,0.5104822030878466
20200323-34224,-1,-0.999,-0.523188,-0.5994,-0.7579,0.3380354056249138,-0.5217083333333333,-0.555,0.0,0.33252612042347723
20200524-40694,-1,-0.5533,-0.05050909090909092,0.0,0.0,0.3653465738285559,-0.12,0.0,0.0,0.45453244108644214
20200904-64970,1,0.8873,0.01696144578313253,0.0,0.0,0.2668404802256703,0.04483571428571429,0.07655,0.0,0.4131829992477267
20200729-69650,1,-0.6486,-0.055766666666666666,0.0,0.0,0.3480957499181958,-0.0736,0.0,0.0,0.38995870477343036
20200811-75776,-1,-0.9962,-0.2474142857142857,-0.25,0.0,0.3476519812709726,-0.21400232558139534,-0.128,0.0,0.3752926643941766
20200621-44783,1,0.9083,0.02616842105263158,0.0,0.0,0.32737651758476505,0.04743529411764707,0.0,0.0,0.31296740469477663
20200422-61798,-1,-0.4939,-0.01192727272727271,0.0,0.0,0.4855742993253342,-0.01192727272727271,0.0,0.0,0.4855742993253342
20200715-41795,0,-0.9951,-0.0803892857142857,0.0,0.0,0.3672736478229878,-0.14988275862068967,-0.2263,0.0,0.4080488705255996
20200427-41523,1,0.875,0.13268461538461537,0.3182,0.0,0.5273276865423272,0.1696153846153846,0.3182,0.0,0.5045114832056755
20200513-43798,1,-0.6514,-0.03424761904761905,0.0,0.0,0.23182943364433878,-0.067675,-0.08895,0.0,0.27478624457627665
20200923-46386,0,-0.9567,0.025750000000000006,0.0,0.0,0.32372297002766026,-0.014579411764705882,0.0,0.0,0.3419695882414209
20200703-72895,-1,0.8957,0.06505200000000001,0.0,0.0,0.24692515160671666,0.12003571428571429,0.0176,0.0,0.19393130818905535
20200720-29612,-1,-0.9794,-0.09337812499999999,0.0,0.0,0.3326619067596775,-0.18522,-0.3182,-0.3182,0.475309956694927
20200723-21335,-1,-0.9863,-0.05050921052631579,0.0,0.0,0.31293825445185947,-0.12236969696969696,0.0,0.0,0.46410827660693543
20200812-7579,-1,0.9428,-0.0199375,0.0,0.0,0.3545652688063934,-0.012971428571428573,0.0,0.0,0.514088306424802
20200225-67858,-1,-0.9118,-0.06130985915492958,0.0,0.0,0.2846976677380289,-0.14873333333333333,0.0,0.0,0.44789527390773937
20200304-84713,-1,-0.9877,-0.09988181818181818,0.0,0.0,0.34122099322122024,-0.14211212121212122,0.0,0.0,0.418842741703039
20200930-62621,1,0.9967,0.251475,0.0898,0.0,0.4354151134741038,0.18606551724137932,0.0,0.0,0.44588957445094274
20200717-49866,0,-0.8388,0.015603030303030304,0.0,0.0,0.3301678760183274,-0.007835714285714284,0.0,0.0,0.34421414349447155
20200723-58469,-1,-0.9842,-0.21944615384615385,-0.2732,0.0,0.471931127008013,-0.3121363636363636,-0.5209,0.0,0.396015349272606
20200519-90061,0,0.9826,0.09201818181818182,0.0,0.0,0.2781231179897323,0.26752666666666663,0.4019,0.0,0.4572383440711079
20200708-14012,-1,-0.9966,-0.128296875,0.0,0.0,0.36097055410065565,-0.18892666666666666,-0.28215,0.0,0.3758436030525936
20200418-31236,0,0.9946,0.17877555555555555,0.0,0.0,0.39069625607827396,0.44233333333333336,0.6556,0.0516,0.5585564673533217
20200825-48884,-1,-0.9943,-0.20930285714285715,-0.25,0.0,0.3330284891165699,-0.20954,-0.2263,0.0,0.2977299420615938
20200413-3442,-1,-0.6124,-0.04983076923076923,0.0,0.0,0.3485099433182875,-0.0411,0.0,0.0,0.3455115792973825
20200316-86175,1,0.5106,0.12765,0.1366,0.2732,0.29360294191305375,0.08510000000000001,0.0,0.0,0.24716282757189306
20200523-9601,-1,-0.9109,-0.07279444444444444,0.0,0.0,0.3253832500507367,-0.07322962962962963,0.0,0.0,0.35288146768170775
20200731-32418,1,0.9933,0.3144368421052632,0.4404,0.0,0.3509135629220667,0.33261875,0.31930000000000003,0.0,0.389390710307061
20200125-51464,-1,-0.9859,-0.16002727272727274,0.0,0.0,0.357174779194391,-0.18188333333333334,0.0,0.0,0.39413460933769545
20200204-41765,0,-0.9868,-0.2397,-0.25,0.0,0.2678428447311673,-0.30448749999999997,-0.25,0.0,0.2749980678909399
20200522-74530,1,0.9162,0.11277500000000001,0.0,0.0,0.34264381196075905,0.11968666666666668,0.0,0.0,0.3543260040634268
20200521-91132,1,-0.9953,-0.15634090909090909,0.0,0.0,0.41442214569397445,-0.2261342105263158,-0.25,0.0,0.4949764291444465
20200421-21845,-1,-0.9979,-0.13813076923076922,0.0,0.0,0.3377159050367526,-0.23198695652173915,-0.2095,0.0,0.37829475430438564
20200428-31614,1,-0.5423,-0.16666666666666666,-0.25,-0.25,0.11785113019775792,-0.16666666666666666,-0.25,-0.25,0.11785113019775792
20200625-56671,1,-0.9871,-0.034836507936507936,0.0,0.0,0.13770500884434583,-0.9871,-0.9871,-0.9871,0.0
20200508-21302,-1,0.9739,0.08462333333333334,0.0,0.0,0.27965995504461405,0.15887647058823529,0.128,0.0,0.36950134367249404
20200912-52190,0,-0.8822,0.04061739130434783,0.0,0.0,0.3752012157579426,0.04133571428571428,0.08475,0.9349,0.6424139415485302
20200601-63031,0,-0.7351,-0.05876521739130435,0.0,0.0,0.4155580424155657,-0.08447500000000001,0.0,0.0,0.4960522811408088
20200418-39869,-1,-0.6325,-0.021920000000000002,0.0,0.0,0.3591130763422574,-0.03696666666666667,-0.0516,0.0,0.43642448037513554
20200528-88547,1,0.9969,0.2700642857142857,0.0,0.0,0.3410971512364661,0.42821666666666663,0.3463,0.0,0.38519650360418495
20200608-62021,-1,-0.5106,-0.018842857142857144,0.0516,-0.7184,0.517176537577265,-0.0167,0.0,0.0,0.48543242320636143
20200314-19730,-1,-0.8893,-0.12736,0.0,0.0,0.3240025901131039,-0.14151111111111112,0.0,0.0,0.3385842959029535
20200407-63515,-1,0.965,0.07495416666666667,0.0,0.0,0.35487316393697466,0.12227692307692307,0.0094,0.0,0.40948613981211235
20200601-27171,0,0.4048,-0.001279569892473116,0.0,0.0,0.3839061263950941,-0.07794285714285715,0.0,0.0,0.5396312295239695
20200310-32234,1,-0.9287,-0.0032171875000000013,0.0,0.0,0.31192639133430156,-0.050022222222222225,0.0,0.0,0.46277810244086254
20200909-67079,-1,-0.9342,-0.09647222222222222,0.0,0.0,0.21857979169975017,-0.4317,-0.43484999999999996,-0.4678,0.04137614046766566
20200815-47694,1,0.9895,0.244088,0.296,0.0,0.2739518035275548,0.30016,0.3182,0.0,0.3729995349416225
20200913-19278,1,-0.9152,-0.06945416666666666,0.0,0.0,0.4404792125053185,-0.06945416666666666,0.0,0.0,0.4404792125053185
20200428-22536,1,0.8935,0.13612500000000002,0.08995,0.0,0.3509928231103878,0.18142222222222223,0.34,0.34,0.3922943956259204
20200529-74249,1,-0.0827,0.012300000000000004,0.0,0.0,0.2797370457815852,-0.0827,-0.0827,-0.0827,0.0
20200520-14827,0,-0.8133,-0.028637499999999996,0.0,0.0,0.43365205696550857,-0.028637499999999996,0.0,0.0,0.43365205696550857
20200929-60294,1,-0.6124,-0.03263333333333334,0.0,0.0,0.44461513644449346,-0.039009999999999996,0.0,0.0,0.48584647873582454
20200903-88467,0,-0.7215,-0.022003571428571428,0.0,0.0,0.3136469329655137,-0.02864,0.0,0.0,0.3972128426926803
20200208-41789,0,-0.9256,-0.02170263157894737,0.0,0.0,0.33839157439962025,-0.022784848484848488,0.0,0.0,0.36083667683065307
20200416-64393,-1,-0.9967,-0.18401914893617022,-0.2263,0.0,0.37877069784793527,-0.2649125,-0.3056,-0.0772,0.47003459474853193
20200706-9445,-1,-0.9513,-0.14124074074074075,0.0,0.0,0.3352884951901253,-0.29304444444444444,-0.4939,-0.8555,0.5146702959956471
20200411-47950,0,0.9149,-0.002847191011235955,0.0,0.0,0.364375279317221,0.010723529411764703,0.0,0.0,0.44149401318892295
20200721-8666,-1,-0.9864,-0.24037647058823527,-0.25,0.0,0.3827029788682106,-0.3071833333333333,-0.24405,0.0,0.3742068809124469
20200313-63261,1,0.607,0.013136842105263164,0.0,0.0,0.28922053179378593,0.013136842105263164,0.0,0.0,0.28922053179378593
20200806-86623,1,0.9712,0.10627,0.0,0.0,0.320221489129009,0.18610370370370372,0.128,0.0,0.3891136247283633
20200423-48804,-1,-0.431,-0.0477,0.0,0.0,0.3196903998632206,-0.06950769230769231,0.0,0.0,0.35552994780606356
20200320-61595,1,0.989,0.13165,0.0,0.0,0.4292821711881359,0.02501904761904762,0.0,0.0,0.3995933601133933
20200529-46384,1,0.93,0.009468539325842698,0.0,0.0,0.24513360841899692,0.04429285714285714,0.0,0.0,0.4095019657449517
20200414-91350,-1,-0.9775,-0.09176956521739131,0.0,0.0,0.3765951683344523,-0.158636,0.0,0.0,0.5049868749819147
20200309-69362,-1,0.128,-0.0545,0.0,0.0,0.2927886379483123,-0.07873333333333334,0.0,0.0,0.34810446069471096
20200521-85750,0,0.3094,0.10322,0.0,0.0,0.4177358035888234,0.3094,0.3094,0.3094,0.0
20200428-91901,1,-0.9741,-0.034490804597701145,0.0,0.0,0.236556182547934,-0.10536538461538461,0.0,0.0,0.3867328107087608
20200516-15295,0,0.6124,0.16965000000000002,0.148,-0.128,0.2497938500043586,0.1131,0.0,0.0,0.21907483500697505
20200606-6730,-1,-0.9988,-0.09724776119402985,0.0,0.0,0.3840922696429406,-0.1197821052631579,-0.0772,0.0,0.4388382301100192
20200328-32536,1,0.9758,0.19343571428571427,0.11315,0.0,0.4101954370560851,0.2772125,0.24975,-0.5859,0.5115068020991999
20200714-63262,0,0.9609,0.13089545454545454,0.0,0.0,0.24833806041778234,0.3599625,0.51705,0.4767,0.29519803919360643
20200829-33069,-1,-0.9965,-0.20044102564102564,-0.1531,0.0,0.4053040869918306,-0.1759,-0.0772,0.0,0.38709944458756335
20200627-34262,1,0.9016,0.033306410256410256,0.0,0.0,0.3884196875505377,0.07627721518987342,0.0571,0.0,0.4694495098151265
20200918-77425,0,0.6976,0.048720000000000006,0.0,0.0,0.24662632584539712,0.057317647058823536,0.0,0.0,0.26658111498201054
20200428-2241,-1,-0.7351,-0.0577235294117647,0.0,0.0,0.18104092657028026,-0.081775,0.0,-0.25,0.21086867605613374
20200331-52127,0,0.9993,0.1639857142857143,0.0,0.0,0.3207222471172188,0.26207857142857144,0.0,0.0,0.3769577698563886
20200430-50783,0,-0.9916,-0.12691785714285714,0.0,0.0,0.3512902199175119,-0.20131052631578947,-0.2023,0.0,0.41965597551319755
20200608-73498,-1,-0.9624,-0.10225555555555556,0.0,0.0,0.41039393435822696,-0.10042631578947368,0.0,0.0,0.41717643855619
20200709-94989,0,0.9883,0.124175,0.0,0.0,0.2516297835831663,0.3286833333333333,0.1909,0.0,0.3772198890862228
20200328-10223,-1,-0.6789,-0.05558421052631579,0.0,0.0,0.24796749842874227,-0.11734444444444445,0.0,-0.8074,0.35008645634125896
20200608-74948,-1,-0.9993,-0.1445843137254902,0.0,0.0,0.3734567328654931,-0.30015,-0.35,-0.296,0.41991382655345993
20200422-88948,0,0.9937,0.14735227272727272,0.0129,0.0,0.302515314029071,0.25092,0.2732,0.0,0.3778751010585376
20200923-54501,0,0.9949,0.1618125,0.0,0.0,0.2906081358010302,0.42923846153846157,0.4404,0.743,0.4026391905310253
20200603-67553,0,0.9597,0.2016625,0.0258,0.0,0.35766599096608276,0.3023571428571429,0.1591,0.0,0.470326910190114
20200324-12733,-1,-0.9985,-0.12673220338983052,0.0,0.0,0.4117541075261261,-0.2367950819672131,-0.25,0.0,0.4740328315482473
20200822-32668,-1,-0.8204,-0.008703703703703703,0.0,0.0,0.404377202421371,-0.0002937500000000006,0.0,0.0,0.3832028762104187
20200711-46946,0,0.9565,0.04003333333333334,0.0,0.0,0.2785101857303527,0.05666500000000001,0.0,0.0,0.3439788645760085
20200627-20402,1,-0.7791,-0.029037499999999994,0.0,0.0,0.39099767669013497,-0.023961904761904754,0.0,0.0,0.3972938428875684
20200326-31407,0,-0.8338,-0.07182941176470588,0.0,0.0,0.3318093725668149,-0.12116666666666666,-0.1379,-0.25,0.3698153555792704
20200207-48488,-1,-0.9951,-0.1337984375,0.0,0.0,0.33467027686412276,-0.22022368421052632,-0.16244999999999998,0.0,0.4004852336026823
20200808-27493,1,0.9809,0.26715714285714287,0.29569999999999996,0.0,0.2661484674663634,0.3028416666666667,0.31720000000000004,0.0,0.2940370454504368
20200829-15856,-1,0.9852,0.20128636363636362,0.17770000000000002,0.0,0.4398397505656872,0.3544653846153846,0.5313,0.7184,0.49457883010334214
20200328-3031,-1,-0.9821,-0.030234666666666667,0.0,0.0,0.342209913549499,-0.0565225,0.0,0.0,0.44627528134969563
20200715-20171,-1,0.8948,0.029634146341463413,0.0,0.0,0.3968432611951204,0.04262777777777778,0.0,0.0,0.3763627509989613
20200218-91040,-1,0.9617,0.09456756756756757,0.0,0.0,0.3164607793930921,0.14410416666666667,0.2182,0.0,0.3764261962624797
20200903-62851,1,0.9991,0.29003720930232557,0.1531,0.0,0.45137105914543574,0.3621861111111111,0.5022500000000001,0.0,0.43735716979805583
20200811-2297,1,-0.9942,-0.08357727272727274,0.0,0.0,0.3941852632407741,-0.16355172413793104,-0.3071,-0.3612,0.4116635742436976
20200714-48530,-1,-0.8988,-0.01189411764705883,0.0,0.0,0.39681213879468163,-0.06476666666666667,0.0258,0.2732,0.5103523510499606
20200731-25237,0,-0.6778,-0.01069655172413793,0.0,0.0,0.2869071704765638,-0.09755833333333333,-0.249,0.2023,0.4078951447335727
20200306-61058,-1,-0.9859,-0.1553037037037037,0.0,0.0,0.2979708405836625,-0.4206111111111111,-0.5859,-0.5423,0.44610675713940057
20200812-79776,1,0.9996,0.37816607142857145,0.3587,0.0,0.355406954508684,0.48806774193548386,0.5267,0.0,0.38105934038532785
20200505-87814,-1,0.9118,0.03352619047619047,0.0,0.0,0.2801011518477564,0.044276190476190476,0.0772,0.0772,0.3768816460739263
20200503-1856,1,0.5994,0.08858888888888888,0.1779,0.4215,0.34180010221845053,0.5994,0.5994,0.5994,0.0
20200331-1651,0,0.999,0.11754395604395605,0.0,0.0,0.2283352091513612,0.42436,0.4833,0.0,0.3709431615041133
20200810-33994,0,0.9458,0.08303461538461537,0.0,0.0,0.32722819600901387,0.14415,0.064,0.0,0.46779828897364156
20200229-39417,-1,-0.2153,-0.037133333333333324,-0.125,-0.25,0.3449638129169815,-0.027849999999999993,0.0,0.0,0.2991798205093385
20200428-65696,-1,-0.9553,-0.10400625000000001,0.0,0.0,0.4306534344295161,-0.1479304347826087,0.0,0.0,0.48396621282965663
20200409-5906,-1,-0.9019,-0.01277906976744186,0.0,0.0,0.3044173241396487,-0.0011600000000000065,0.0,0.0,0.37807318444978344
20200718-49780,1,0.9994,0.32047118644067796,0.34,0.0,0.35461881423165764,0.2958468085106383,0.296,0.0,0.44575457222559944
20200711-49833,1,0.9829,0.18611999999999998,0.0772,0.0,0.41092530416123074,0.21791538461538462,0.1779,0.0,0.41249955682242645
20200507-58210,0,0.9907,0.20841923076923077,0.0129,0.0,0.3147688480569521,0.31130526315789475,0.3612,0.0,0.2701001012756961
20200708-39815,-1,-0.9051,-0.0655027027027027,0.0,0.0,0.24127661313676768,-0.12900499999999998,0.0,0.0,0.298115916171881
20200410-41911,0,0.9763,0.13446538461538463,0.0,0.0,0.3873859831687529,0.19862222222222223,0.0,0.0,0.3558326737785543
20200522-88272,-1,-0.9877,-0.03775066666666667,0.0,0.0,0.29938793445888157,-0.07776315789473684,0.0,0.0,0.3827238137221509
20200727-50069,-1,-0.8941,-0.06557333333333333,0.0,0.0,0.29629902006062875,-0.09037272727272727,-0.0267,0.0,0.3264444365666066
20200312-68609,0,-0.8841,-0.03129777777777778,0.0,0.0,0.2652345096441503,-0.030484848484848483,0.0,0.0,0.3114385382443299
20200603-54360,-1,0.9344,0.0586025,0.0,0.0,0.28120440829359344,0.076935,0.0,0.0,0.41244026388678395
20200710-49599,0,0.9809,0.10525,0.0,0.0,0.4364393680383155,0.10607096774193549,0.0772,0.0,0.5257566714215092
20200529-23138,-1,0.9637,0.117036,0.0,0.0,0.39426987090570337,0.18177619047619048,0.3612,0.4215,0.3740780436839884
20200608-53582,-1,-0.6909,-0.021718918918918917,0.0,0.0,0.3465928118262727,-0.03526206896551724,0.0,0.0,0.36960290472604007
20200131-74469,-1,-0.9042,-0.18451428571428571,0.0,0.0,0.5059350902143516,-0.1435111111111111,0.0,0.0,0.45273881468346366
20200620-25348,-1,-0.8504,-0.05281290322580645,0.0,0.0,0.3225413449285928,-0.13203684210526315,-0.1779,0.0,0.38055732428073424
20200423-38562,1,0.8858,0.06661,0.0,0.0,0.29033031802873543,0.0993842105263158,0.0,0.0,0.3690880115595849
20200608-63129,1,0.891,0.03887352941176471,0.0,0.0,0.2684434109594483,0.891,0.891,0.891,0.0
20200506-23503,1,-0.9781,-0.03054285714285714,0.0,0.0,0.3003279724241619,-0.08677894736842105,-0.0516,0.0,0.3801995384406337
20200210-45663,-1,0.0516,-0.02881785714285714,-0.08895,0.0,0.26725694839767355,-0.024562499999999998,-0.08895,0.0,0.26008850867300926
20200511-80497,-1,0.5859,0.12772,0.0,0.0,0.1977545792137315,0.12772,0.0,0.0,0.1977545792137315
20200306-5828,-1,-0.9712,-0.077406,0.0,0.0,0.3566462720455662,-0.08259767441860465,0.0,0.0,0.3836300255535528
20200327-25328,0,-0.0258,0.011832000000000004,0.0,0.0,0.3133353165157097,0.027710526315789477,0.0,0.0,0.359674613029079
20200929-81499,1,0.9994,0.3095684210526316,0.2615,0.0,0.3462041488587053,0.5381461538461538,0.67735,0.0,0.40203472508915794
20200601-5439,0,0.1516,0.004845000000000004,0.0,0.0,0.19381267366970614,0.005413333333333339,0.0,0.0,0.20295408303905152
20200710-63168,-1,-0.1263,0.002582926829268297,0.0,0.0,0.24854680955058575,-0.008325999999999998,0.0,0.0,0.22829479521881352
20200420-7630,1,0.9987,0.4044238095238095,0.4404,0.0,0.33870580844030684,0.420225,0.34,0.0,0.3784800525897413
20200627-26321,1,-0.3818,-0.08265454545454545,-0.0772,-0.25,0.372424807209178,-0.09092,-0.1636,-0.25,0.3896392762543325
20200930-81067,0,0.2607,-0.011722499999999999,0.0,0.0,0.3564622886698536,-0.03865714285714286,0.0,0.0,0.4162953845659166
20200804-14961,0,-0.5484,-0.014091666666666662,0.0,0.0,0.18588673728166358,-0.014928571428571428,0.0,0.0,0.237184615944661
20200407-86303,-1,-0.7283,-0.08637499999999998,0.0,0.0,0.4908607255372954,-0.05758333333333332,0.0,0.0,0.40284912981026644
20200506-88499,0,0.9829,0.21329411764705883,0.0,0.0,0.30985961236850895,0.34909999999999997,0.1591,0.0,0.3998448824231717
20200415-98953,1,0.9889,0.21840666666666667,0.0,0.0,0.28535759546381256,0.37309285714285717,0.2842,0.0,0.35693397841754937
20200819-66499,-1,0.1511,-0.010894871794871797,0.0,0.0,0.27104961694401336,-0.009847058823529422,0.0,-0.3612,0.3685455293409918
20200719-23353,-1,0.9773,0.11922777777777778,0.0,0.0,0.4194058744959689,0.2720777777777778,0.1027,0.0,0.41121076449857946
20200512-66277,0,-0.6597,-0.10236666666666669,-0.2732,-0.3612,0.3838318005469467,-0.1154714285714286,-0.3612,-0.3612,0.45208674804190185
20200608-21505,-1,-0.9943,-0.23346470588235294,0.0,0.0,0.38450923486374383,-0.22169285714285714,0.0,0.0,0.4177637293021118
20200716-94054,1,-0.904,-0.08171923076923075,-0.05135,0.0,0.43947032018383814,-0.0827125,-0.05135,0.0,0.43011183169080186
20200725-4063,-1,0.9864,0.15371904761904762,0.0772,0.0,0.35090374561239335,0.15371904761904762,0.0772,0.0,0.35090374561239335
20200503-6369,0,0.6124,0.03414090909090909,0.0,0.0,0.22134649854324637,0.06996666666666666,0.0,0.0,0.36438626940834823
20200415-60628,-1,-0.9894,-0.07656603773584905,0.0,0.0,0.28973785610730773,-0.1842782608695652,-0.0258,0.0,0.4159270734118848
20200315-51564,1,0.7169,0.058924,0.0,0.0,0.4159837884148852,0.05840666666666667,0.0,0.0,0.5016878291881871
20200727-57751,1,0.993,0.36485,0.4491,0.0,0.40003508551482975,0.38445384615384615,0.4767,0.0,0.3996410766894649
20200514-20325,-1,-0.431,-0.040731578947368424,-0.0516,0.0,0.3773080579337227,-0.07203,-0.1909,0.0,0.5084056786661613
20200320-93685,-1,0.9565,0.07424871794871796,0.0,0.0,0.34015835518317117,0.12382307692307692,0.1027,0.0,0.3996701989503272
20200617-4920,1,0.9988,0.18489411764705882,0.0,0.0,0.3890676388656049,0.3407058823529412,0.1779,0.0,0.5036286896357488
20200515-45485,-1,-0.5177,-0.031488888888888886,0.0,0.0,0.4066705626710764,-0.02625833333333333,0.0,0.0,0.4991266930989455
20200904-49443,1,0.9988,0.250474358974359,0.1779,0.0,0.32767298560666236,0.5279,0.6483,0.6369,0.3399395920601188
20200728-58718,1,0.9538,0.04861086956521739,0.0,0.0,0.25449990025475183,0.11705,0.0,0.0,0.37250607209816056
20200504-51577,1,0.9897,0.13065555555555555,0.0,0.0,0.27601009285536043,0.24526923076923077,0.1901,0.0,0.3761668909174294
20200320-46025,-1,-0.9961,-0.26785652173913044,-0.3,0.0,0.39659865906292524,-0.314465,-0.3291,0.0,0.3824401133184122
20200822-32013,0,0.9385,0.017327906976744183,0.0,0.0,0.25090757802340835,0.040749999999999995,0.0,0.0,0.3101611401910552
20200710-13208,0,-0.906,-0.08762758620689655,0.0,0.0,0.1776455030566284,-0.15303750000000002,-0.1366,0.0,0.2303263333701772
20200911-9784,1,-0.9432,-0.00923771929824561,0.0,0.0,0.25589917367202747,0.023180952380952382,0.0,0.0,0.24398529252912263
20200312-46460,1,-0.2625,0.0689578947368421,0.0,0.0,0.35330452842568294,0.07278888888888889,0.0258,0.0,0.36260158253146246
20200702-8559,0,0.7545,0.006627777777777774,0.0,0.0,0.29802874731876966,0.04136363636363636,0.0516,0.0,0.37981661190327887
20200806-32397,-1,-0.9743,-0.232465,-0.25,0.0,0.2713473811832353,-0.24281176470588234,-0.25,0.0,0.31927187544446656
20200919-19701,1,0.9678,0.1471086956521739,0.0,0.0,0.27474028671051676,0.2574909090909091,0.2732,0.0,0.3489658135237096
20200319-58763,-1,-0.9638,-0.15263214285714286,-0.09525,0.0,0.3010609478560439,-0.14832173913043478,-0.2732,0.0,0.3481979171784492
20200819-26799,1,0.8126,0.16976666666666668,0.1806,0.0,0.44800936994169616,0.14551428571428573,0.0,0.0,0.41900866826550576
20200909-62026,0,0.9957,0.6097666666666667,0.743,0.1779,0.31753564979209636,0.6596,0.6948000000000001,0.1779,0.3008183394232029
20200418-54259,0,-0.9863,-0.1499695652173913,0.0,0.0,0.30553200563120775,-0.1868421052631579,-0.1054,0.0,0.31415846540407205
20200409-77960,1,0.0366,-0.0052749999999999984,0.0,0.0,0.3340058551133498,-0.022381249999999995,0.0,0.0,0.3100750074956663
20200803-22569,1,0.9958,0.17444285714285715,0.0,0.0,0.30885312439569007,0.4518384615384615,0.3818,0.0,0.3260290325403116
20200404-52512,-1,0.8941,-0.009765789473684212,0.0,0.0,0.3379276567522418,-0.0072416666666666706,0.0,0.0,0.4161939520991252
20200717-46231,1,-0.5912,-0.0010153846153846252,0.0,0.0,0.38445175919473823,-0.0012000000000000116,0.0,0.0,0.4179428603833957
20200731-34752,-1,-0.6652,-0.11337826086956522,0.0,0.0,0.3266411219838808,-0.14503333333333332,0.0,0.0,0.41008933281528903
20200827-76716,1,0.6249,0.05824166666666667,0.0,0.0,0.21301779056506576,0.08736250000000001,0.0,0.0,0.25597031047320706
20200729-96110,-1,0.3927,-0.021284210526315787,0.0,0.0,0.3664138133214928,-0.024744736842105264,-0.0129,0.0,0.5209182078929516
20200720-16429,1,0.7084,0.013406060606060607,0.0,0.0,0.3628850380938293,0.03899473684210527,0.0,0.0,0.4636008077211121
20200327-13519,1,0.9705,0.16104444444444443,0.0386,0.0,0.3369399554523727,0.16783529411764705,0.0,0.0,0.3531286033713938
20200323-1828,1,-0.8181,-0.07410909090909092,0.0,0.0,0.37165884516594333,-0.8181,-0.8181,-0.8181,0.0
20200327-23657,-1,-0.9648,-0.055641176470588236,0.0,0.0,0.3848804528816456,-0.069076,0.0,0.0,0.4451673566469132
20200510-24981,1,0.9981,0.2902219512195122,0.34,0.0,0.3201972368615221,0.5808,0.79695,0.0,0.3816351027705217
20200814-55839,-1,-0.9072,-0.04337380952380952,0.0,0.0,0.320058305000469,-0.05715714285714286,0.0,0.0,0.3813355875159339
20200211-12801,-1,-0.993,-0.10627142857142857,0.0,0.0,0.33843354829603534,-0.14640833333333333,0.0,0.0,0.38763195056293054
20200804-75484,-1,-0.6936,-0.0834,0.0,0.0,0.2380133656377772,-0.12510000000000002,0.0,0.0,0.2824161350442523
20200724-14873,0,0.9714,0.008948571428571429,0.0,0.0,0.33555113927594965,0.021994117647058827,0.0,0.0,0.44583903712463474
20200812-6493,-1,-0.2023,-0.05035833333333334,-0.0129,-0.0,0.31184945208207254,-0.008691666666666667,0.0,0.0,0.26833154386049274
20200326-18643,1,-0.7282,0.01438148148148148,0.0,0.0,0.41216537946246146,0.02605,0.0,-0.1027,0.5016620273871865
20200731-40316,-1,0.2007,0.0017861111111111129,0.0,0.0,0.2705738491847546,-0.0022619047619047575,0.0,0.0,0.3547137229025958
20200505-87539,-1,-0.9354,-0.09701818181818181,0.0,0.0,0.48606895941397565,-0.12275,0.0,0.0,0.5061011820772601
20200723-21130,-1,0.9939,0.049223076923076925,0.0,0.0,0.33561090789100945,0.033294375,0.0,0.0,0.3194392697068715
20200402-14948,-1,0.9161,0.09162307692307693,0.0,0.0,0.3912039683490839,0.10828181818181819,0.0,0.0,0.4231574880223928
20200519-2031,0,-0.9859,-0.0676448275862069,0.0,0.0,0.19023777424346672,-0.14401,0.0,0.0,0.30859870203874806
20200821-67105,1,0.9742,0.17375172413793105,0.128,0.0,0.300951913469852,0.21811363636363637,0.24914999999999998,0.0,0.3310620173917632
20200714-55643,0,0.4404,0.09060000000000001,0.128,0.5106,0.3228591767318996,0.15946666666666667,0.128,0.0772,0.08305264729207747
20200731-60829,1,0.9876,0.19749310344827586,0.1531,0.0,0.30322926791118765,0.30843333333333334,0.3997,0.0,0.281886570962309
20200318-27706,1,0.0627,-0.022687500000000006,0.0,0.0,0.46404861528050056,-0.061745454545454555,-0.0772,-0.2732,0.5577833277009605
20200521-77560,0,0.9887,0.21738095238095237,0.3182,0.0,0.3431526837999274,0.3202076923076923,0.3818,0.128,0.35169340988453707
20200323-27126,-1,-0.9772,-0.06327037037037037,0.0,0.0,0.4062745530493122,-0.100585,-0.0386,0.0,0.43949354406521146
20200109-16119,-1,-0.9989,-0.24084468085106384,-0.1901,0.0,0.3897739922376789,-0.39459,-0.5017,0.0,0.4900156874019443
20200825-83767,1,0.9884,0.31136874999999997,0.41169999999999995,0.0,0.2796770877251791,0.44626363636363636,0.4404,0.4019,0.23608549403948514
20200618-84902,1,0.0516,0.005822580645161296,0.0,0.0,0.24476454612239404,0.04545454545454546,0.0,0.0,0.3586317847385998
20200813-64806,0,0.9916,0.08812558139534883,0.0,0.0,0.3909992547979714,0.13368518518518518,0.0,0.0,0.4423495674017567
20200617-16276,-1,-0.6124,-0.03925833333333333,-0.01935,0.0,0.1692317122484895,-0.12469999999999999,-0.14435,-0.0387,0.1350433078682539
20200312-45067,-1,0.9322,0.048412500000000004,0.0,0.0,0.30596512234852846,0.159,0.25,-0.4951,0.5596329958106473
20200301-24851,-1,-0.7443,-0.06042631578947369,0.0,0.0,0.3755411727965044,-0.06545714285714285,0.0,0.0,0.4294601631521763
20200306-49357,-1,0.9436,0.04834285714285714,0.0,0.0,0.3130139397039365,0.08721666666666666,0.05135,0.0,0.36585119052848675
20200812-12733,-1,-0.9396,-0.06256428571428571,0.0,0.0,0.3207750003777522,-0.07917777777777776,0.0,0.0,0.4078945541239189
20200520-32272,0,0.9905,0.11372068965517242,0.0,0.0,0.3407340558460769,0.17714736842105264,0.0,0.0,0.38117316878072355
20200704-29607,-1,-0.991,-0.1722,-0.0772,0.0,0.5068909528638661,-0.2030470588235294,-0.296,-0.296,0.5322766287844818
20200721-89203,1,-0.9278,-0.041655,0.0,0.0,0.254466387711619,-0.09319999999999999,0.0,0.0,0.36136808023366523
20200430-97834,-1,0.7579,0.24312500000000004,0.2553,0.7579,0.4142166424408851,0.1945,0.0,0.0,0.38303773182285844
20200802-35464,-1,-0.9632,-0.12006888888888888,0.0,0.0,0.34712663127914845,-0.243585,-0.3397,0.0,0.4547681005468611
20200520-78299,-1,0.9756,0.11456923076923077,0.0,0.0,0.26541111473049733,0.2502,0.1779,0.0,0.2741766948520607
20200401-21279,1,0.9834,0.10395833333333333,0.0,0.0,0.39490498637506327,0.09512380952380953,0.0,0.0,0.41625739507775245
20200917-67165,1,0.998,0.10620945945945946,0.0,0.0,0.3598859538456364,0.1541809523809524,0.14055,0.0,0.43051026714049306
20200821-71279,-1,-0.8519,-0.06136315789473684,0.0,0.0,0.3484273377553645,-0.06136315789473684,0.0,0.0,0.3484273377553645
20200724-67278,0,0.9976,0.04701742424242424,0.0,0.0,0.33469233531350534,0.06479,0.0,0.0,0.4086383372249843
20200828-11213,-1,-0.9891,-0.06739655172413793,0.0,0.0,0.3890872528533118,-0.09427804878048782,0.0,0.0,0.45510010397724054
20200716-36399,-1,-0.7783,0.006388888888888898,0.0,0.0,0.3868348928431711,0.022414285714285723,0.0,0.0,0.44779020096651584
20200601-46782,1,0.9953,0.24681379310344828,0.0,0.0,0.31976885803400396,0.39202666666666663,0.3182,0.0,0.3535960076446314
20200603-68554,1,0.9967,0.06455657894736842,0.0,0.0,0.3260581201563233,0.05747460317460318,0.0,0.0,0.3885647897879294
20200830-21338,-1,-0.8977,-0.10431333333333334,0.0,0.0,0.3571602905637125,-0.08125,0.0,0.0,0.3695050217134114
20200814-9573,0,0.963,0.18936,0.0,0.0,0.4165950932660313,0.2123076923076923,0.0,0.0,0.3754522349248426
20200902-16179,-1,-0.9911,-0.1204953488372093,-0.1027,0.0,0.36905567800365674,-0.1448,-0.25,0.0,0.39871041774980276
20200318-91186,1,0.8689,0.1221,0.128,0.0,0.3160724705928478,0.11381538461538461,0.1027,0.0,0.40948303213865583
20200413-56682,-1,0.9366,0.054240476190476186,0.0,0.0,0.2462630959143027,0.11510999999999999,0.0,0.0,0.348942595422227
20200414-81364,1,0.8392,-0.04895098039215687,0.0,0.0,0.3310696410197123,-0.061844827586206894,0.0,0.0,0.3991040090746434
20200802-16065,1,0.9349,0.16154285714285715,0.0,0.0,0.23182590362562322,0.2822571428571429,0.128,0.0,0.33349255659777843
20200429-88231,-1,-0.9999,-0.11888603603603604,0.0,0.0,0.35855471070782696,-0.27812,-0.296,0.0,0.553948276749992
20200713-20798,-1,0.9754,0.12384857142857142,0.0,0.0,0.31775388982349084,0.32305,0.3397,0.0,0.3928140762498208
20200318-92913,-1,-0.5994,-0.04832857142857144,0.0,0.0,0.3224028390263412,-0.08457500000000003,0.0258,-0.7717,0.42288975144238244
20200630-21413,0,-0.9813,-0.08826792452830189,0.0,0.0,0.3053928381199168,-0.06076976744186047,0.0,0.0,0.3950622891922315
20200605-10136,1,-0.5893,-0.028858536585365854,0.0,0.0,0.3447616023096637,-0.04076363636363636,0.0,0.0,0.4289717447205527
20200313-91507,-1,-0.8062,-0.022592,0.0,0.0,0.3383429525437171,-0.011880952380952383,0.0,0.0,0.4059676677473661
20200928-59709,-1,-0.9041,0.012323529411764712,0.0,0.0,0.41745134063661593,0.014043750000000008,0.0,0.0,0.4320411988004587
20200820-93740,0,0.997,0.135212,0.0,0.0,0.28273585668605955,0.23517,0.0258,0.0,0.39750027433952795
20200318-52272,-1,-0.9944,-0.051449494949494946,0.0,0.0,0.39235330305597893,-0.064765,0.0,0.0,0.5502017377971465
20200501-35128,-1,0.8047,-0.008107246376811593,0.0,0.0,0.3112656968017212,-0.030111999999999996,0.0,0.0,0.4648839350375532
20200701-62322,1,0.9985,0.20894285714285715,0.0258,0.0,0.3257419618567521,0.23392380952380953,0.21345,0.0,0.34805214908218224
20200422-97860,-1,-0.9456,-0.038673846153846156,0.0,0.0,0.26610569460383915,-0.0672951219512195,0.0,0.0,0.32732608038931743
20200905-23146,-1,0.9771,0.039605555555555554,0.0,0.0,0.2666111354796127,0.06672499999999999,0.0,0.0,0.356953823169048
20200726-30614,-1,-0.9981,-0.15844428571428573,-0.1892,0.0,0.42081693394624503,-0.13571492537313434,-0.128,0.0,0.42427844885793214
20200524-18392,-1,0.3818,0.03512727272727272,0.0,0.0,0.15118600879776656,0.0644,0.0,0.0,0.20004929392527232
20200305-17909,-1,-0.7096,-0.06313333333333333,0.0,0.0,0.3524146894403429,-0.44115000000000004,-0.44115000000000004,-0.34,0.10114999999999999
20200926-4177,0,-0.9826,-0.012167999999999998,0.0,0.0,0.4506074857079052,-0.11645714285714286,-0.2143,0.0,0.4451006775587578
20200817-76789,-1,0.873,0.02909230769230769,0.0,0.0,0.3887558022550689,0.01729999999999999,-0.14665,-0.7003,0.617118274725356
20200416-61865,-1,-0.9517,-0.0555576923076923,-0.064,0.0,0.41683924882849666,-0.05157916666666666,0.0,0.0,0.41593104294178246
20200428-1044,0,0.9555,0.06262222222222222,0.0,0.0,0.375612855589303,0.05369374999999999,0.0,0.0,0.4150575193102006
20200519-59064,0,0.6597,0.12653999999999999,0.0,0.0,0.46657975781210226,0.12653999999999999,0.0,0.0,0.46657975781210226
20200705-26645,0,-0.7473,-0.04693750000000001,-0.016399999999999998,0.0,0.42820064204032904,-0.050066666666666676,-0.0243,-0.0085,0.44206655858843497
20200702-33071,0,0.9962,0.10693684210526316,0.0,0.0,0.37356485410381773,0.09928372093023256,0.0,0.0,0.37533177752937996
20200416-6444,-1,-0.936,-0.1073875,0.0,0.0,0.34436738353646384,-0.15001,0.0,0.0,0.42235923442017936
20200723-68727,-1,0.4404,0.02841538461538461,0.0,0.0,0.32592198416693774,0.04104444444444444,0.0772,0.128,0.39104726088660124
20200325-75871,0,-0.7333,-0.00015172413793103896,0.0,0.0,0.2804818410997092,-0.021838461538461536,0.0,0.0,0.4064259446943687
20200707-33730,-1,-0.9749,-0.04773666666666666,0.0,0.0,0.2693829300250647,-0.12826,-0.1027,0.0,0.32615816776527307
20200526-40606,-1,-0.1145,-0.043156521739130434,0.0,0.0,0.35288078886944113,-0.1145,-0.1145,-0.1145,0.0
20200801-36920,0,0.7184,0.055966666666666665,0.0,0.0,0.27847754048676093,0.06742,0.0,0.0,0.2804027346514295
20200718-47115,-1,0.9841,0.134125,0.0,0.0,0.41204090285431616,0.19427142857142857,0.20065,0.0,0.4026572637378051
20200519-43263,-1,-0.798,0.01141538461538462,0.0,0.0,0.35991116392404354,0.012202857142857149,0.0,0.0,0.40444543582943954
20200711-14284,-1,-0.9956,-0.18060882352941177,-0.064,0.0,0.2798247690836777,-0.15185454545454546,0.0,0.0,0.3217599765031985
20200922-41971,1,0.9994,0.33924468085106385,0.4404,0.0,0.38421886870304967,0.4171964285714286,0.4819,0.0,0.4251808518418476
20200620-41818,1,0.296,0.0251,0.0,0.0,0.3312663418320208,0.025358333333333333,0.0,0.0,0.292704963681672
20200209-25870,-1,-0.998,-0.3224933333333333,-0.2616,0.0,0.40984947150007267,-0.3539,-0.33755,0.0,0.42790321695089306
20200516-18264,1,0.9805,0.22626666666666667,0.0,0.0,0.2671368355148516,0.5901,0.5901,0.9779,0.3878
20200825-68757,-1,-0.9959,-0.1262078947368421,-0.0129,0.0,0.325398441899012,-0.13637894736842104,-0.0129,0.0,0.335711090670076
20200811-63109,1,0.9972,0.2849625,0.3182,0.0,0.3253297103996959,0.5742,0.6808,0.25,0.31176379753676575
20200528-73259,-1,-0.9875,-0.05387446808510638,0.0,0.0,0.3105915272426629,-0.09775199999999999,0.0,0.0,0.3839331755605394
20200409-97097,1,-0.9869,-0.03955698924731183,0.0,0.0,0.273191600178592,-0.0798093023255814,0.0,0.0,0.3973849798860648
20200204-74078,-1,-0.989,-0.257525,0.0,0.0,0.2973927939190861,-0.4945,-0.4945,-0.989,0.4945
20200425-44226,0,0.9954,0.14431304347826088,0.0,0.0,0.2899014852225071,0.3122625,0.064,0.0,0.40597436938032183
20200607-10727,-1,-0.4467,0.006245454545454541,0.0,0.0,0.3379116865896832,0.005284615384615381,0.0,0.0,0.3108417105120914
20200912-1704,0,0.2927,-0.026856451612903225,0.0,0.0,0.23922791509688515,-0.03986315789473684,0.0,0.0,0.30635351047360526
20200227-63988,-1,-0.9983,-0.1479734693877551,0.0,0.0,0.39107249955522505,-0.2634037037037037,-0.2023,0.0,0.43619745569713375
20200513-82398,0,0.9468,0.07390000000000001,0.0,0.0,0.36636621227946226,0.09474848484848486,0.128,0.0,0.37607842357615057
20200216-33728,-1,0.7506,0.08354166666666667,0.0,0.0,0.20748201712571515,0.1432142857142857,0.0,0.0,0.2554446119923424
20200625-83208,0,0.9968,0.1897107142857143,0.11535000000000001,0.0,0.2867698210104176,0.27444,0.09,0.0,0.3768910254525394
20200410-10035,0,0.9435,0.18826363636363638,0.128,0.0,0.25317620264704355,0.3194,0.128,0.0,0.342146582622127
20200318-53989,-1,-0.997,-0.10019245283018868,0.0,0.0,0.42191977411837056,-0.14741724137931034,-0.0772,0.0,0.5141119602127239
20200319-63776,-1,-0.9842,-0.12203809523809524,0.0,0.0,0.39680265453244,-0.1330818181818182,0.0,0.0,0.44307170461111284
20200525-14206,0,0.1904,0.004399999999999991,0.0,0.0,0.33375967776230847,-0.006141666666666672,-0.14055,-0.25,0.38694096332285915
20200228-58048,1,0.9952,0.25476296296296297,0.0516,0.0,0.33089476244486415,0.28929166666666667,0.2321,0.0,0.35031156122879464
20200827-1367,0,0.9939,0.219976,0.0258,0.0,0.2952493201075999,0.27143,0.25895,0.0,0.3098613191413217
20200806-91301,0,0.9985,0.18925357142857144,0.0,0.0,0.3146647053181516,0.21225098039215687,0.0,0.0,0.31742612873694126
20200721-25973,0,0.9996,0.27557582417582416,0.3182,0.0,0.3282702606556283,0.5904333333333334,0.7717,0.7717,0.4277407652097497
20200915-43032,1,0.9981,0.28288048780487807,0.34,0.0,0.36368144679269176,0.5206,0.5859,0.5859,0.3965383697281597
20200722-40329,-1,0.9475,0.11475217391304347,0.0,0.0,0.22109282502578595,0.1593,0.0,0.0,0.2538977799561601
20200912-38185,-1,-0.913,-0.10396875,-0.0258,0.0,0.4390733590738995,-0.10486,-0.0516,0.0,0.4429708821130346
20200412-38995,-1,0.9581,0.0723675,0.0,0.0,0.34867744936222933,0.14431,0.1779,-0.3818,0.44009517141182086
20200630-68738,1,0.2935,0.011710526315789484,0.0,0.0,0.4452446564527451,0.03658,0.0,0.0,0.4088511802600061
20200828-63385,1,0.9838,0.20956666666666665,0.0,0.0,0.3805638039657593,0.3102714285714286,0.3104,0.0,0.3512213189684806
20200601-57445,1,0.4567,-0.018199999999999997,0.0,0.0,0.4188737408446975,-0.03195555555555555,0.0,0.0,0.5044901829484475
20200806-17477,-1,0.891,0.02458333333333334,0.0,0.0,0.32586066472874614,0.04023750000000001,0.0,0.0,0.3731731946122113
20200828-39807,1,0.1174,0.09904666666666667,0.0,0.0,0.18983356172067034,0.11019999999999999,0.0,0.0,0.19277845084736808
20200613-35073,1,0.9984,0.4136666666666667,0.5181,0.0,0.41490399358030877,0.4588785714285714,0.44015,0.0,0.39155680700537554
20200221-3631,-1,-0.9543,-0.12648235294117646,0.0,0.0,0.36640372659820464,-0.21489999999999998,0.0,0.0,0.43981510275953983
20200807-23831,-1,-0.1179,0.0016304347826086962,0.0,0.0,0.3223148507077629,0.022947058823529407,0.0,0.0,0.402842179165587
20200225-11304,-1,0.9888,0.051376000000000005,0.0,0.0,0.3927446043219436,0.18129090909090909,0.3926,0.3926,0.6203889607694741
20200901-85185,0,0.9461,0.0350632183908046,0.0,0.0,0.23729883924470288,0.04406851851851852,0.0,0.0,0.3035105311639694
20200619-51051,0,-0.9451,-0.061185714285714274,0.0,0.0,0.2839844635014459,-0.14049999999999999,0.0,0.0,0.3749898776411616
20200921-14373,-1,-0.802,-0.06004615384615384,0.0,0.0772,0.2556148804365499,-0.17722499999999997,-0.20095,0.5106,0.49119011785153005
20200831-48970,1,0.9991,0.188290625,0.0,0.0,0.34621764863248866,0.3850689655172414,0.4019,0.0,0.3880148896036108
20200311-31074,0,-0.994,-0.1323794871794872,0.0,0.0,0.3658543847779817,-0.17289285714285713,0.0,0.0,0.4076031604116325
20200729-34323,0,0.9982,0.08311372549019608,0.0,0.0,0.4183165805658638,0.11306666666666668,0.0,0.0,0.47428633000359904
20200903-87281,0,0.9903,0.17690526315789473,0.0,0.0,0.3278101383642739,0.283275,0.26025,0.0,0.28191742031133865
20200504-71699,1,-0.9968,-0.20996923076923077,-0.21305000000000002,0.0,0.34557953417103543,-0.265055,-0.33415,0.0,0.38578507160723574
20200212-64165,-1,-0.9126,-0.07286666666666668,0.0,0.0,0.45456067679561646,-0.07660588235294118,0.0,0.0,0.37421111762430737
20200611-80291,1,0.9966,0.31544285714285714,0.3678,0.0,0.3423412222461379,0.41328750000000003,0.4853,0.0,0.41194144285778045
20200307-26134,-1,-0.7783,-0.11893999999999999,-0.125,0.0,0.2705371848748338,-0.12229,-0.21395,0.0,0.25478122556420835
20200404-17030,1,0.864,0.004884999999999997,0.0,0.0,0.317077752727939,0.014110344827586207,0.0,0.0,0.3807611047080594
20200730-61372,1,0.9927,0.23145555555555555,0.1779,0.0,0.31609470607695495,0.4121285714285714,0.35,0.0,0.296647555258452
20200303-15452,0,-0.1027,-0.036528571428571424,0.0,0.0,0.33061586563902967,-0.05071818181818181,0.0,0.0,0.34129430333306665
20200403-44539,-1,-0.9451,-0.10882222222222222,0.0,0.0,0.3256795725104927,-0.0713074074074074,0.0,0.0,0.2804141578899509
20200504-57870,-1,-0.8738,-0.039127272727272726,0.0,0.0,0.34494088977390974,-0.041709677419354836,0.0,0.0,0.4128068230203493
20200712-12199,-1,0.6124,0.011931818181818184,0.0,0.0,0.23548409015234137,0.037500000000000006,0.0,0.0,0.4163187309193351
20200903-5444,-1,-0.7565,0.008261764705882354,0.0,0.0,0.32402467318428074,-0.022974193548387093,0.0,0.0,0.3812412257839554
20200402-82152,-1,-0.9199,-0.09546764705882352,0.0,0.0,0.4193614513691783,-0.1046,0.0,0.0,0.46225903838803256
20200728-62726,-1,0.9567,0.1237,0.2334,0.4404,0.46900831244537355,0.08152692307692308,0.0,0.0,0.38235587888942124
20200302-1049,-1,-0.9973,-0.26251714285714284,-0.25,0.0,0.38091345285151756,-0.39749999999999996,-0.39749999999999996,0.2023,0.5998
20200225-58289,-1,-0.9873,-0.12732553191489362,0.0,0.0,0.30940560274128165,-0.15498285714285714,0.0,0.0,0.34615195134566
20200327-39420,0,-0.4215,-0.011337142857142855,0.0,0.0,0.28019900589781266,-0.022066666666666665,0.0,0.0,0.38183513749028153
20200415-22813,-1,-0.9975,-0.09635731707317073,0.0,0.0,0.2989389459773855,-0.2562076923076923,-0.24975,0.0,0.4564266289702389
20200427-24372,1,0.9891,0.2747157894736842,0.3182,0.0,0.3057968473610473,0.2535842105263158,0.0679,0.0,0.33193369544495654
20200210-42971,-1,-0.7061,-0.06332058823529411,0.0,0.0,0.2656081853135109,-0.08313043478260869,-0.0202,0.0,0.2911194531979025
20200706-39507,1,0.9891,0.12449534883720931,0.0,0.0,0.3155468969335829,0.129425,0.0,0.0,0.35273206496259707
20200611-32975,-1,-0.8271,-0.010181818181818179,0.0,0.0,0.2220978436116703,-0.006351999999999996,0.0,0.0,0.3616388553460482
20200616-76284,-1,-0.2617,-0.08670714285714286,0.0,0.0,0.5073935376922303,-0.07586875,0.0,0.0,0.47548866668769035
20200624-73890,-1,-0.9413,-0.03997407407407407,0.0,0.0,0.44459431578028824,-0.055288461538461536,0.0,0.0,0.47296489813395654
20200321-55972,-1,-0.9217,-0.24168333333333333,-0.148,0.0,0.35728600782690734,-0.362525,-0.39495,-0.4939,0.38428090230325007
20200802-13835,1,0.9991,0.24311190476190478,0.0,0.0,0.3612180717163347,0.24332,0.0,0.0,0.33142275962884626
20200717-22485,1,0.9676,0.216885,0.17120000000000002,0.0,0.36120519275752394,0.18859565217391305,0.0,0.0,0.34465449174027685
20200917-36738,1,0.9889,0.3371,0.4404,0.0,0.2996882291092973,0.5115714285714286,0.5994,0.0,0.35310186192932935
20200521-89580,-1,-0.9674,-0.29217777777777776,-0.296,0.0,0.3745102780900168,-0.23905454545454546,-0.25,0.0,0.3570095984542009
20200617-65173,-1,-0.1779,-0.00990714285714285,0.0,0.0,0.31170818877434003,0.021133333333333327,0.1366,-0.25,0.4417963771794523
20200807-77872,-1,0.995,0.16075,0.0,0.0,0.2627849320261723,0.34589,0.2382,0.2382,0.4192366478493978
20200623-52458,-1,-0.5023,-0.012836842105263152,0.0,0.0,0.4521227059927849,-0.01000714285714285,0.0,-0.2732,0.5284000506438358
20200516-9640,1,0.9972,0.11059425287356321,0.0,0.0,0.2827784122360486,0.1934783783783784,0.0,0.0,0.3542383364233252
20200922-20615,-1,-0.9321,-0.03302692307692307,0.0,0.0,0.33871056348098955,-0.11304285714285714,-0.36615,0.3182,0.4577242740126507
20200130-51465,1,-0.999,-0.12172871287128713,0.0,0.0,0.3161503055671851,-0.22078787878787878,-0.2144,0.0,0.45114371476085946
20200726-3573,1,0.9979,0.19189268292682926,0.0772,0.0,0.36698199556437594,0.2015627906976744,0.0,0.0,0.34379703248530286
20200318-9892,-1,-0.9659,-0.0796,0.0,0.0,0.3056826548146712,-0.09906363636363637,0.0,0.0,0.3795769621471217
20200206-24689,1,0.3818,0.0024722222222222216,0.0,0.0,0.2461551392145376,-0.005499999999999996,0.0,0.0,0.40921763252483484
20200411-3204,-1,-0.9992,-0.10368194444444445,0.0,0.0,0.30595154610311387,-0.16284545454545454,-0.128,0.0,0.37656337544441587
20200807-78701,-1,-0.1531,-0.052288888888888885,0.0,0.0,0.2869682152141764,-0.017759999999999998,0.0,0.0,0.35168611914603626
20200911-6838,-1,-0.9743,-0.21000666666666667,-0.34,-0.4767,0.38905854309545185,-0.19566315789473684,-0.296,0.0,0.3363963940142896
20200830-17823,1,0.9847,0.11293636363636364,0.0,0.0,0.30673778933310236,0.18751818181818183,0.0,0.0,0.4296395081252989
20200410-25380,-1,-0.9918,-0.07624081632653061,0.0,0.0,0.3721089136800541,-0.06907948717948718,0.0,0.0,0.4012423394456766
20200315-11778,-1,-0.3612,-0.1680222222222222,-0.25,-0.4215,0.4103081221006092,-0.10388,0.0,0.0,0.3897431174504561
20200804-47045,1,0.9996,0.09395245901639344,0.0,0.0,0.30560836805477165,0.2014446153846154,0.1027,0.0,0.43228206106332906
20200405-31372,-1,-0.2716,-0.019700000000000002,0.0,0.0,0.36597185987753517,-0.0268875,0.0,0.0,0.3676455644962278
20200609-75381,-1,-0.9403,-0.06993953488372093,0.0,0.0,0.33616899068393874,-0.17624375,-0.26025,-0.5423,0.4876917583996448
20200730-61036,0,0.9902,0.22826086956521738,0.0,0.0,0.2928571275630171,0.31956153846153845,0.3182,0.0,0.33576274255780797
20200812-74691,-1,-0.836,-0.2162,-0.41000000000000003,-0.4588,0.42994740376004137,-0.15189999999999998,-0.2294,0.0,0.43958362401254214
20200411-2150,-1,-0.9737,-0.07143673469387755,0.0,0.0,0.3768352282666884,-0.08654054054054054,0.0,0.0,0.4292299544089042
20200422-59900,-1,0.571,0.04054615384615385,0.0,0.0,0.3061999148755964,0.05062857142857143,0.0,0.0,0.3315647995890556
20200402-61872,-1,-0.9992,-0.42401666666666665,-0.4496,0.0,0.37833867727503384,-0.7403375,-0.9066000000000001,-0.2732,0.29300071005673345
20200714-68376,-1,0.9203,-0.0002948051948051943,0.0,0.0,0.3063149015866727,-0.036155932203389834,0.0,0.0,0.38064960010228477
20200913-33607,1,0.9965,0.1602542857142857,0.128,0.0,0.2893693056512063,0.35968666666666665,0.4215,0.128,0.3469058409552784
20200410-10300,-1,-0.9981,-0.04237063829787234,0.0,0.0,0.2557906112379126,-0.09866555555555556,-0.0898,0.0,0.39359608460143536
20200726-17200,0,-0.8204,-0.010830882352941178,0.0,0.0,0.2947504384357129,-0.04373571428571429,0.0,0.0,0.3747538263862778
20200326-75384,-1,-0.8176,-0.0976153846153846,0.0,0.0,0.326496429115009,-0.12689999999999999,-0.2006,0.0,0.36723790109410004
20200219-23259,0,-0.9958,-0.088218,0.0,0.0,0.37238332545375874,-0.1555642857142857,0.0,0.0,0.4733765974466884
20200911-28878,0,0.9729,0.11987179487179488,0.0,0.0,0.4322281359561904,0.004964902186421174,0.0,0.0,0.06995361770526042
20200711-48802,0,0.9999,0.31807766990291264,0.3818,0.0,0.33322448916755565,0.5484955555555555,0.6486,0.0,0.34110787472948956
20200319-68550,0,-0.9871,-0.10957142857142857,0.0,0.0,0.2684424131609487,-0.18410434782608695,0.0,0.0,0.35574033944933936
20200309-62459,1,-0.5558,-0.0338388888888889,0.0,0.0,0.3533367816480929,-0.05137222222222222,0.0,0.0,0.3610145207999189
20200511-63940,-1,-0.9421,-0.04063541666666667,0.0,0.0,0.37198447127623446,-0.05397777777777778,0.0,0.0,0.40287951542690437
20200212-55214,0,0.8957,0.09873157894736842,0.0,0.0,0.25702531731254064,0.32062,0.5719,0.5719,0.3282153768488003
20200406-73628,-1,-0.5106,-0.08023333333333334,0.0,0.0,0.310753174650808,-0.22895,-0.22895,-0.5859,0.35695
