RECORDID,gold_labels,compound_by_article,average_sentence,median_sentence,mode_sentence,pstd_sentence,average_paragraph,median_paragraph,mode_paragraph,pstd_paragraph,avg_first_last_para
20200811-38496,-1,0.9594,-0.0003292307692307697,0.0,0.0,0.3436020635395531,-0.00016363636363636106,0.0,0.0,0.38304579140626205,-0.06490000000000001
20200805-72468,0,0.9937,0.2577731707317073,0.1779,0.0,0.29471152164024306,0.6310769230769231,0.7351,0.8779,0.26478741880943535,1.826
20200817-17810,-1,-0.3182,-0.0029812500000000013,0.0,0.0,0.3294746902622984,0.022888235294117647,0.0,0.0,0.2970705617948724,0.0
20200727-7699,-1,0.6808,0.051153846153846154,0.0,0.0,0.18477699080610915,0.13616,0.0,0.0,0.27232,0.0
20200815-7456,-1,0.8979,0.045345833333333335,0.0,0.0,0.29160223475819286,0.05875238095238095,0.0,0.0,0.32491790555688665,0.0
20200811-48764,1,0.9378,0.08457142857142858,0.0,0.0,0.342596386914005,0.11842272727272728,0.0,0.0,0.45022615724243437,0.5659
20200423-53523,1,0.9995,0.19658571428571428,0.0,0.0,0.3508437405343137,0.22167391304347828,0.0258,0.0,0.37117156143099495,0.3818
20200521-28456,0,0.997,0.1279235294117647,0.0,0.0,0.271706596792357,0.1689967741935484,0.0,0.0,0.3275917379357845,0.0
20200828-12262,0,0.8137,0.056577777777777775,0.0,0.0,0.4084106170250296,0.04625,0.0,0.0,0.3691179555800272,-0.2144
20200903-22043,1,0.7887,0.06350714285714286,0.0,0.0,0.43335707310037347,0.05746904761904762,0.0,0.0,0.36919623539850227,0.2458
20200707-29697,1,0.9187,0.07751176470588235,0.0,0.0,0.16898703355183947,0.16347499999999998,0.0,0.0,0.24123901399856532,-0.0772
20200726-30138,0,0.9636,0.06908095238095238,0.0,0.0,0.38280488828426823,0.056096551724137925,0.0,0.0,0.3916971591304537,0.0
20200321-18921,-1,0.9977,0.10066463414634146,0.0,0.0,0.2279555778141291,0.20762777777777777,0.0,0.0,0.29337892601275073,0.0
20200717-16663,-1,-0.9973,-0.2079391304347826,0.0,0.0,0.4194153640476751,-0.3159071428571429,-0.2313,0.0,0.44497128713834,-1.3331
20200817-80618,0,0.9611,0.06735882352941176,0.0,0.0,0.27578924937205973,0.11032,0.0,0.0,0.35283179599728065,0.3597
20200519-8463,1,0.891,0.09759230769230769,0.0,0.0,0.283553840936883,0.17225555555555555,0.0,0.0,0.25831111350080294,0.0
20200612-83410,-1,-0.5647,-0.04956666666666667,0.0,0.0,0.3094678573329098,-0.05954782608695652,0.0,0.0,0.32155577766143156,-0.5719
20200402-55252,-1,0.9239,0.10997692307692308,0.0,0.0,0.2663291288088312,0.26813,0.064,0.0,0.31657783260992867,0.0
20200629-56671,-1,-0.9812,-0.05761363636363636,0.0,0.0,0.3386486397103729,-0.076028125,0.0,0.0,0.43125919644859095,-0.4404
20200502-46235,-1,-0.9984,-0.3075344827586207,-0.2732,0.0,0.32226884073315415,-0.5839142857142857,-0.6476999999999999,-0.7579,0.2502619195310124,-1.4284
20200305-47394,0,0.5563,0.06443333333333333,0.0,0.0,0.21728640597658708,0.09788333333333334,0.0,0.0,0.2541612114168661,0.14689999999999998
20200715-49790,-1,-0.5316,-0.03576666666666666,0.0,0.0,0.22419495838461523,-0.03414090909090909,0.0,0.0,0.21916702567819843,0.0
20200726-4304,-1,0.8751,0.05106451612903226,0.0,0.0,0.1836076366188669,0.13686363636363635,0.0,0.0,0.2781667134936669,0.0
20200529-29585,0,0.9956,0.1151888888888889,0.0,0.0,0.33133481537040926,0.2387,0.3182,-0.0857,0.48887340829025805,-0.0857
20200411-53362,-1,-0.909,-0.0184,0.0,0.0,0.24182153543470855,-0.005434722222222222,0.0,0.0,0.16020820408293202,0.3621
20200923-83178,0,-0.296,-0.024390000000000002,0.0,0.0,0.1733460380279861,-0.04065,0.0,0.0,0.22230709802733095,0.0
20200813-28739,0,0.9945,0.09804130434782608,0.0,0.0,0.39555280996077363,0.32216666666666666,0.6441,0.8847,0.6486753814933596,1.7072
20200817-74368,-1,-0.9552,-0.07400540540540541,0.0,0.0,0.21364244687307982,-0.2003,-0.1531,0.0,0.30713180082323466,-0.374
20200828-39767,-1,0.9829,0.001647222222222223,0.0,0.0,0.3110942149057734,-0.001965789473684209,0.0,0.0,0.4202736923258686,0.0
20200519-31518,1,0.9897,0.095128,0.0,0.0,0.34221295419080794,0.171128,0.0,0.0,0.44724472989181213,0.296
20200803-67808,-1,0.9825,0.050153488372093026,0.0,0.0,0.29938556795841836,0.07553076923076923,0.0,0.0,0.40130061796156175,0.528
20200902-55512,-1,0.9169,0.06776071428571429,0.0,0.0,0.19885448078447018,0.1199625,0.0,0.0,0.2197665945810464,0.5574
20200508-18323,-1,0.9822,0.022188888888888886,0.0,0.0,0.3159665126224066,0.05749294117647059,0.0,0.0,0.4329613771086517,-0.6486
20200826-19897,-1,0.9887,0.18644736842105264,0.0,0.0,0.30712447051287145,0.2688846153846154,0.2263,0.0,0.3312580793700419,0.9164000000000001
20200412-483,1,0.7995,0.11077857142857142,0.0,0.0,0.30821518961959826,0.1524111111111111,0.0,0.0,0.4219889083440844,0.0
20200721-56103,-1,-0.9723,-0.08389777777777778,0.0,0.0,0.30987996492469205,-0.11766551724137932,0.0,0.0,0.3802167469654754,-0.5106
20200416-7636,1,0.8876,0.11556363636363635,0.0258,0.0,0.4330767248268797,0.19988333333333333,0.2202,-0.5994,0.4907471053290981,-0.5994
20200825-86299,-1,0.5204,0.012271875000000002,0.0,0.0,0.28799593121515515,0.03280625,0.0,0.0,0.40515906516569206,-0.3818
20200914-82019,-1,-0.9847,-0.12217575757575756,0.0,0.0,0.38007272591974084,-0.3092125,-0.31930000000000003,0.0,0.561364517131026,0.30199999999999994
20200628-16896,0,0.994,0.08478000000000001,0.0,0.0,0.31310029502198994,0.06258372093023255,0.0,0.0,0.2786377718015394,0.0
20200319-46338,-1,0.1363,0.008639325842696633,0.0,0.0,0.3930192652218216,0.014653968253968261,0.0,0.0,0.44394654040573533,-0.5106
20200620-46413,1,0.6956,0.049825,0.0,0.0,0.22963325515917768,0.06643333333333333,0.0,0.0,0.2630688671980949,-0.2263
20200313-93128,-1,0.8972,0.07695714285714286,0.0,0.0,0.2944179490701847,0.102509375,0.0,0.0,0.270165220697649,0.4939
20200704-6465,-1,-0.34,0.0034700000000000043,0.0,0.0,0.3079309209871591,-0.006583333333333326,0.0,0.0,0.38173816906647184,0.0
20200626-10304,-1,-0.9876,-0.2599705882352941,-0.1531,0.0,0.3064006522890958,-0.3156785714285714,-0.24914999999999998,0.0,0.3105043919141228,-0.7906
20200717-14318,1,0.9986,0.03924842105263158,0.0,0.0,0.3458967095180318,0.0535,0.0,0.0,0.39705834481052465,0.0
20200714-72292,1,0.8426,0.06681052631578947,0.0,0.0,0.3640871785347669,0.09410625,0.0,0.0,0.3999976444754863,-0.7717
20200804-55169,-1,-0.5859,-0.04329333333333333,0.0,0.0,0.32622344584996066,-0.04398666666666666,0.0,0.0,0.3212991064759163,0.5994
20200430-74926,-1,0.9203,0.017859375,0.0,0.0,0.3629592916734732,0.01707142857142857,0.0,0.0,0.4547367445046871,0.3818
20200724-162,1,0.9944,0.251076,0.2144,0.0,0.26250284917310895,0.3808714285714286,0.4496,0.0,0.32091691498973784,0.4588
20200907-22009,-1,-0.9976,-0.03373964912280702,0.0,0.0,0.24048488140075047,-0.06846021505376344,0.0,0.0,0.3929680449236764,-0.3818
20200701-45171,-1,0.9851,0.03883488372093023,0.0,0.0,0.32440120141701145,0.0383875,0.0,0.0,0.3480938583467827,-0.1531
20200829-3979,0,0.6124,0.022934482758620693,0.0,0.0,0.33105636594336774,0.0070909090909091,0.0,0.0,0.48195882784272887,0.5423
20200702-47291,1,0.9742,0.25734545454545454,0.0,0.0,0.34003747484287766,0.3966,0.3182,0.8038,0.41159858114429887,0.8038
20200715-45751,0,0.9925,0.07933214285714286,0.0,0.0,0.28357187304301257,0.14534285714285713,0.0,0.0,0.36491702914945656,0.0
20200825-6060,-1,0.967,0.14215384615384616,0.0,0.0,0.4546574612833179,0.22365000000000002,0.24695,0.0,0.589594354196171,0.0
20200708-74951,1,0.9868,0.17217916666666666,0.0,0.0,0.2671227635675631,0.2437,0.25,0.0,0.2962310607166867,0.8074
20200510-37193,1,0.9982,0.0785766355140187,0.0,0.0,0.28884949888393896,0.17981818181818182,0.0,0.0,0.47011801771311895,0.0
20200630-55150,-1,0.9169,0.05002439024390244,0.0,0.0,0.12823592164537187,0.08054347826086956,0.0,0.0,0.1752830303204976,0.0
20200518-33682,-1,-0.9885,-0.12682083333333333,0.0,0.0,0.341856416593242,-0.17764516129032257,0.0,0.0,0.37089937235329845,-0.4215
20200820-92674,-1,0.9828,0.14276,0.0,0.0,0.26518154485810913,0.26858333333333334,0.33755,0.0,0.37570866779401774,0.21460000000000007
20200903-31220,-1,-0.984,-0.1156,0.0,0.0,0.30008763196296984,-0.20989444444444444,-0.064,0.0,0.3781598184663055,-0.128
20200606-7326,-1,-0.9921,-0.0667873417721519,0.0,0.0,0.42637672959012646,-0.1518375,-0.11515,0.0,0.6048032917558815,-0.5859
20200403-9336,-1,-0.3731,-0.012066666666666663,0.0,0.0,0.3968812969754167,-0.03769565217391304,0.0,0.0,0.46819184889572857,-0.0837
20200912-39917,-1,0.7908,0.06425555555555557,0.0,0.0,0.3216937816243927,0.07592666666666667,0.0,0.0,0.3541577811591262,-0.5267
20200708-54822,-1,0.0387,0.003088,0.0,0.0,0.15838067639709083,0.004288888888888889,0.0,0.0,0.1866396197336487,0.0
20200704-1586,1,0.9984,0.23015128205128205,0.1779,0.0,0.35215325617078946,0.45613157894736844,0.5106,0.0,0.38671548640288855,0.2732
20200811-25618,-1,-0.8402,-0.1709,0.0,0.0,0.40558475598290705,-0.1709,0.0,0.0,0.40558475598290705,0.03070000000000006
20200828-70267,-1,-0.8305,-0.02208181818181818,0.0,0.0,0.33820932056628233,-0.045452380952380946,0.0,0.0,0.4166277310787832,-0.4215
20200328-979,-1,-0.9826,-0.17759354838709676,0.0,0.0,0.33048756155939285,-0.29743846153846154,-0.3612,-0.5574,0.3741607933628814,-0.9186000000000001
20200723-88363,0,0.9628,0.21087692307692307,0.0,0.0,0.32563003819541575,0.133825,0.0,0.0,0.3582903946172713,0.743
20200630-17392,0,0.753,0.08116111111111111,0.0,0.0,0.2694373646836205,0.0845923076923077,0.0,0.0,0.3040513050369535,0.4404
20200612-86365,0,0.6124,0.03154571428571429,0.0,0.0,0.22652896294527378,0.018576190476190472,0.0,0.0,0.178348026287721,0.0
20200803-34821,0,-0.9525,-0.07131176470588237,0.0,0.0,0.4018028224103034,-0.08466818181818182,0.0,0.0,0.3641905462633583,0.2023
20200329-40021,-1,0.9114,0.061338709677419355,0.0,0.0,0.16444936013845712,0.12754285714285715,0.0,0.0,0.23995189313778742,0.0
20200324-93223,-1,-0.9996,-0.01361993006993007,0.0,0.0,0.32602984733156576,-0.036183745123537066,0.0,0.0,0.29673067998741215,0.7096
20200817-27703,1,0.7184,0.16026,0.1495,0.0,0.3234247615752387,0.19964285714285715,0.2732,0.0,0.34110773269763683,0.3612
20200805-51113,0,0.9316,0.036037037037037034,0.0,0.0,0.3160977270919586,0.07461,0.0,0.0,0.3861662693279498,0.4588
20200323-78536,-1,-0.8779,-0.11646666666666666,0.0,0.0,0.328593805311191,-0.25243333333333334,-0.318,0.3182,0.3265224171307215,0.3182
20200323-98425,-1,0.9868,0.177368,0.0,0.0,0.30826661540945366,0.3600833333333333,0.5574,0.5574,0.37571449229730575,0.0635
20200813-6186,-1,0.9765,0.038307317073170734,-0.0,0.0,0.27535226076325586,0.11705882352941176,0.1027,0.1027,0.4091192808357449,0.5525
20200708-19978,-1,-0.9775,-0.029072222222222218,0.0,0.0,0.3020051366479193,-0.03241428571428571,0.0,0.0,0.3581581601095544,0.128
20200415-9749,0,0.9729,0.081221875,0.0,0.0,0.23369504398678284,0.09451481481481482,0.0,0.0,0.26425994035573674,0.2732
20200810-22857,-1,-0.5239,-0.024730769230769226,0.0,0.0,0.30385392210128104,-0.06877272727272726,-0.2263,0.0,0.41293078902998454,-0.5267
20200918-7322,1,0.9391,0.12864615384615385,0.0,0.0,0.1972440722142712,0.19440000000000002,0.0387,0.0,0.26768091345587464,0.2023
20200518-31715,-1,0.6808,0.020806451612903225,0.0,0.0,0.318293542682247,0.034273333333333336,0.0,0.0,0.3905808144574209,0.0772
20200726-13689,-1,-0.999,-0.25123703703703704,0.0,0.0,0.38102764082504875,-0.4480857142857143,-0.6059000000000001,0.0,0.44513168815072957,0.0
20200917-76944,1,0.9857,0.12703333333333333,0.0,0.0,0.3412786532907079,0.13438333333333333,0.0,0.0,0.4322316948762036,0.7269
20200714-48700,-1,0.7154,0.0013418918918918926,0.0,0.0,0.27258170706937246,0.019091891891891893,0.0,0.0,0.3343680254162247,-0.5267
20200720-56402,1,0.9413,0.16659,0.0129,0.0,0.29792091719112307,0.2573666666666667,0.1609,0.0,0.3187697479721409,0.6142
20200811-76623,-1,0.9891,0.07813194444444445,0.0,0.0,0.2622866084110561,0.1439695652173913,0.0,0.0,0.42448700439449377,0.9493
20200526-84566,0,0.9404,0.13234074074074073,0.0,0.0,0.2967439777656693,0.1111878787878788,0.0,0.0,0.3320737949727766,0.6124
20200822-38653,-1,-0.9241,-0.11915833333333332,0.0,0.0,0.3432357364318128,-0.1793,-0.1909,-0.3818,0.44476905243058446,0.05860000000000004
20200902-69224,1,0.9935,0.107953125,0.0,0.0,0.3000850264762212,0.21099375,0.0,0.0,0.35085838394705277,-0.1531
20200125-2629,-1,-0.9884,-0.08688103448275862,0.0,0.0,0.3329837774120828,-0.10744772727272726,0.0,0.0,0.3634392837178999,0.3182
20200508-66627,1,0.9933,0.128955,0.0,0.0,0.3910637287898227,0.18833478260869566,0.0,0.0,0.46620978260742857,0.8834
20200701-64365,0,0.9951,0.1597341463414634,0.0258,0.0,0.35548724076431,0.16532222222222223,0.0,0.0,0.47527562711377813,0.9136
20200619-67693,0,0.8803,0.13579,0.0,0.0,0.32945212838893606,0.19834285714285715,0.0,0.0,0.29893389071901527,0.5106
20200708-46486,1,0.946,0.11731875,0.0,0.0,0.3105441881173072,0.1449,0.0,0.0,0.31829437994990156,0.5106
20200602-42631,0,0.9792,0.214555,0.30579999999999996,0.0,0.4013593034613749,0.24828235294117648,0.34,0.0,0.4030494499442296,1.2915
20200327-100325,-1,0.1956,0.035709523809523816,0.0,0.0,0.30478403736597914,0.0937375,0.32389999999999997,0.4215,0.48826789761743505,0.9789
20200811-25455,1,0.9703,0.24699166666666666,0.3123,0.0,0.3528539014434854,0.23926521739130435,0.2732,0.0,0.36385028885959897,0.0516
20200928-57097,-1,-0.987,-0.1316972972972973,0.0,0.0,0.42351271813857944,-0.21396666666666667,-0.212,0.0,0.5662298021906732,0.0
20200322-46384,-1,0.9274,0.09932352941176471,0.0,0.0,0.33804810922744283,0.1298846153846154,0.0,0.0,0.3814041382659482,0.5106
20200519-40420,-1,-0.9792,-0.08592000000000001,0.0,0.0,0.48542442418980114,-0.14,0.0,0.0,0.5049943254631679,0.5106
20200730-11085,-1,-0.9753,-0.07945217391304348,0.0,0.0,0.4376097754149836,-0.08653636363636363,0.0,0.0,0.45000853380337996,0.5106
20200724-17238,0,-0.8151,-0.06918214285714286,0.0,0.0,0.34579613735508075,-0.07374444444444445,0.0,0.0,0.40249602375154275,-0.6486
20200131-56069,1,0.7011,0.1245,0.0,0.0,0.2936442016162709,0.12240000000000001,0.0,0.0,0.22012086939419703,0.5106
20200311-75054,-1,-0.5423,-0.021316666666666664,0.0,0.0,0.23725257228438126,-0.014489999999999998,0.0,0.0,0.25316478210841253,0.4404
20200331-108191,-1,-0.977,-0.19881666666666664,-0.2616,0.0,0.4608773912031509,-0.977,-0.977,-0.977,0.0,-1.954
20200521-99155,-1,0.7391,0.023403999999999998,0.0,0.0,0.25409565518520777,0.036213333333333333,0.0,0.0,0.3109375154092682,0.5106
20200528-2661,-1,-0.766,-0.0007382978723404274,0.0,0.0,0.23613883903168156,-0.005951219512195123,0.0,0.0,0.2632638416178546,0.0772
20200419-37364,-1,0.993,0.08985975609756097,0.0,0.0,0.3434710989580531,0.2076090909090909,0.2584,0.0,0.5435769025706155,-0.2755
20200307-39635,-1,0.0,0.06331428571428573,0.0,0.0,0.4256702158397522,0.05540000000000002,0.0,0.0,0.398728218840854,0.5106
20200423-69189,0,0.9628,0.0150625,0.0,0.0,0.5038648039673771,0.019562499999999983,0.0,0.0,0.5292812955732991,0.3626
20200307-50502,1,0.9943,0.24537599999999998,0.0,0.0,0.42061208568466024,0.40426666666666666,0.5601,0.0,0.4561965536427863,0.0
20200124-12819,-1,0.9862,0.05586666666666667,0.0,0.0,0.29710991508617157,0.07450000000000001,0.0,0.0,0.4237545418132024,0.4939
20200628-2059,0,-0.9719,-0.11871538461538461,0.0,0.0,0.27406814381759387,-0.10426666666666666,0.0,0.0,0.21725508253868053,0.0
20200515-23983,-1,-0.9865,-0.10823043478260869,0.0,0.0,0.28744989496815315,-0.14473529411764705,-0.0769,0.0,0.31603768007140143,0.5106
20200817-14873,-1,0.9491,0.1761923076923077,0.0,0.0,0.3551664625139522,0.25980000000000003,0.1779,-0.0516,0.29074324297106774,-0.10880000000000001
20200327-83207,-1,-0.7173,-0.019186206896551723,0.0,0.0,0.37670348416515087,-0.03085,-0.0258,0.0,0.41427841072267946,0.5106
20200403-84377,0,0.9175,0.05422258064516129,0.0,0.0,0.3134766418315493,0.074244,0.0,0.0,0.34064638566114275,0.5106
20200831-46268,-1,0.9901,0.041401470588235297,0.0,0.0,0.3002615440757916,0.06749189189189189,0.0,0.0,0.3800368164088191,0.0258
20200222-39640,-1,-0.7963,0.014561764705882359,0.0,0.0,0.29919988008678183,-0.012958333333333323,-0.0129,0.0,0.4229094317115138,-0.20389999999999997
20200811-88994,0,0.91,0.11168666666666667,0.0,0.0,0.28246916968444935,0.13960833333333333,0.0,0.0,0.3095770379575261,0.34
20200930-51596,0,0.9883,0.14484857142857144,0.0,0.0,0.23229980551179186,0.2116,0.0706,0.0,0.3208777056761657,0.0
20200408-53846,0,0.9973,0.08927758620689656,0.0,0.0,0.39135108809455776,0.1076860465116279,0.0,0.0,0.4363449630533672,0.7585999999999999
20200827-75543,0,0.983,0.02411549295774648,0.0,0.0,0.35398228397139037,0.02933428571428571,0.0,0.0,0.4744104834681563,0.11309999999999998
20200616-21877,1,-0.9652,-0.038813888888888884,0.0,0.0,0.3014659398052362,-0.060705263157894734,0.0,0.0,0.38840413363522636,0.5106
20200207-43420,-1,-0.9227,-0.09737105263157894,0.0,0.0,0.261351674657463,-0.1368388888888889,-0.0477,0.0,0.3843773321719874,0.0
20200422-56654,1,-0.8898,-0.008272500000000002,0.0,0.0,0.31273771038004033,0.011949999999999995,0.0,0.0,0.4589325206389279,0.5106
20200805-4322,-1,-0.9885,-0.1393090909090909,0.0,0.0,0.406043523091587,-0.18460526315789474,0.0,0.0,0.4039360768522979,-0.4215
20200412-449,-1,0.9022,0.06065238095238096,0.0,0.0,0.356928158196266,0.06680526315789474,0.0,0.0,0.3699828736771534,0.5106
20200812-40639,0,0.0,0.0039026315789473668,0.0,0.0,0.2612584136009505,0.019659999999999993,0.0,0.0,0.43009591612414394,0.5106
20200514-85361,-1,0.959,0.0944775,0.0,0.0,0.31610495131166483,0.21696153846153846,0.0516,0.0,0.45331805193817043,0.0
20200507-32562,-1,0.4477,-0.011656338028169014,0.0,0.0,0.3791891017080997,-0.009407692307692306,0.0,0.0,0.4625594916053088,-0.7003
20200617-2292,0,0.1406,-0.004153846153846152,0.0,0.0,0.2931179405983054,-0.005777777777777774,0.0,0.0,0.3539877015370819,0.5106
20200507-36055,-1,-0.0885,-0.006503030303030305,0.0,0.0,0.31309618764541036,-0.005961111111111113,0.0,0.0,0.2997721655948599,-0.5994
20200423-14478,1,-0.4772,-0.035628,0.0,0.0,0.28476071009884774,0.006030434782608696,0.0,0.0,0.3652061852835685,0.2023
20200313-94949,-1,0.9566,0.16648125,0.17635,0.0,0.32974575664204914,0.19598333333333334,0.0009,0.0,0.35782449569897007,0.765
20200417-31018,-1,0.3499,0.01933076923076923,0.0,0.0,0.2744948335918894,0.027922222222222223,0.0,0.0,0.3295379501928176,0.0
20200713-62493,-1,-0.9894,-0.38504444444444447,-0.3612,0.0,0.4734597157828064,-0.18778,0.0,0.0,0.3671406487982501,-0.4939
20200319-66041,-1,-0.4019,-0.0967,-0.17,-0.34,0.4029899378396439,-0.06446666666666666,0.0,0.0,0.33218253348957943,0.5106
20200806-20796,1,0.9934,0.18398484848484847,0.0,0.0,0.23500535663941677,0.3411823529411765,0.3612,0.0,0.2576246865118831,0.5106
20200228-19383,-1,-0.9612,-0.13925357142857142,0.0,0.0,0.2809810955539064,-0.2032470588235294,0.0,0.0,0.34745140687354875,0.5106
20200616-36213,-1,0.7469,0.07096923076923077,0.0,0.0,0.547183531838078,0.06053636363636364,0.0,0.0,0.5719209676372606,0.5106
20200914-83448,-1,-0.9663,-0.09645263157894737,0.0,0.0,0.34029680600511863,-0.1078,0.0,0.0,0.3580536617685712,-0.7003
20200701-48015,0,0.9092,0.039732500000000004,0.0,0.0,0.3316946490279124,0.08715,0.0258,0.0,0.43378386150247683,0.0
20200707-79303,-1,-0.4932,-0.017857692307692304,0.0,0.0,0.16946054265743243,-0.038615384615384614,0.0,0.0,0.20827017160097175,-0.1078
20200311-47558,0,-0.4449,-0.06761666666666666,0.0,0.0,0.3384027379551701,-0.08113999999999999,0.0,0.0,0.3692186512081967,0.2702
20200715-78740,-1,-0.1217,0.022261904761904764,0.0,0.0,0.3688225079333915,0.007729411764705884,0.0,0.0,0.40486812488353885,-0.6249
20200416-70810,1,0.9312,0.04566166666666667,0.0,0.0,0.29355559331051573,0.10600357142857143,0.0,0.0,0.3827064022777614,0.0
20200904-71746,-1,-0.8433,-0.05030476190476191,0.0,0.0,0.4602729960900435,-0.048612499999999996,0.0,0.0,0.4313095343568043,0.0
20200626-80246,0,0.9889,0.049579661016949154,0.0,0.0,0.45389088092813185,0.06291276595744681,0.0,0.0,0.4959238314958669,0.5106
20200403-21277,0,-0.919,0.04506521739130435,0.0,0.0,0.40227288662288596,-0.09774999999999999,-0.1257,0.7783,0.6467035429777697,1.0046
20200716-47223,-1,-0.8861,-0.012110937500000004,0.0,0.0,0.2844558144055436,-0.013239130434782611,0.0,0.0,0.40061277817117424,0.5106
20200714-19397,-1,-0.7964,-0.060115789473684206,0.0,0.0,0.26675843845609576,-0.09207272727272726,0.0,0.0,0.35992086779510324,0.5423
20200715-56541,1,-0.6922,-0.020980952380952378,0.0,0.0,0.3900634479757262,-0.053008695652173914,-0.0258,0.0,0.4440312600756681,0.5106
20200722-8766,-1,0.875,0.026536734693877552,0.0,0.0,0.2796744395184337,0.04205555555555556,0.0,0.0,0.43445326333760154,0.5106
20200522-73700,-1,0.4085,-0.04686875,0.0,0.0,0.29843402059490054,-0.0462,0.0,0.0,0.29261437365014503,0.5106
20200910-41749,-1,-0.9988,-0.21788846153846153,-0.25,0.0,0.5020756749021031,-0.24662758620689657,-0.25,-0.25,0.5725122795831404,-0.6901
20200520-37493,1,0.9747,0.3203818181818182,0.3818,0.0,0.28457851071423257,0.3281545454545455,0.3818,0.0,0.24035728467745818,0.6839
20200401-71011,-1,-0.2732,0.02902500000000001,0.20095,-0.7964,0.513107963176367,0.023220000000000008,0.0,0.0,0.4590845429765633,0.5106
20200401-71790,0,-0.7165,-0.04039047619047619,0.0,0.0,0.25974895188341984,-0.05912666666666667,0.0,0.0,0.28058044233734863,0.4767
20200429-38055,0,0.9128,0.14662,0.18645,0.0,0.3543783974793046,0.11834499999999999,0.0,0.0,0.3530510054864594,0.0
20200331-27725,0,0.9975,0.11693015873015873,0.0,0.0,0.28316402932425827,0.23153214285714285,0.16515000000000002,0.0,0.3861498201601211,0.3818
20200825-47605,1,0.9707,0.21393,0.4033,0.5106,0.41742460888165184,0.1944818181818182,0.296,0.5106,0.40272238761658546,0.5106
20200720-31312,-1,-0.1707,-0.020038095238095233,0.0,0.0,0.40329497827413346,-0.017965217391304345,0.0,0.0,0.3739355322357465,0.5106
20200820-29864,0,0.8126,0.08852105263157894,0.0,0.0,0.30732562463417645,0.11083333333333333,0.0,0.0,0.3477454905850286,-0.34
20200314-14927,-1,0.8296,0.06064090909090909,0.0,0.0,0.33181694112470417,0.05896875,0.0,0.0,0.39343663676434293,0.5106
20200722-99166,-1,-0.6017,-0.02559753086419753,0.0,0.0,0.3085689001936891,-0.01225312499999999,0.0,0.0,0.4656576646155783,0.5719
20200403-49514,1,0.9716,0.17077272727272727,0.1531,0.0,0.294268389423285,0.21696538461538462,0.2023,0.0,0.27553768546147633,0.5106
20200921-24725,1,0.998,0.45143809523809525,0.5106,0.0,0.3401424330177419,0.6273909090909091,0.7184,0.3182,0.31455705496212655,1.0366
20200210-91502,-1,-0.5712,0.01208571428571429,0.0,0.0,0.2785780480288018,0.003088888888888898,0.0516,-0.4628,0.4428966657621277,-1.2898999999999998
20200807-74762,1,-0.9871,-0.08486666666666666,0.0,0.0,0.3027637375803958,-0.15512142857142858,0.0,0.0,0.45151092089081685,0.5106
20200416-68576,-1,0.5099,0.0021826086956521773,0.0,0.0,0.22695375252350214,-0.009307692307692307,0.0,0.0,0.3244720290458579,-0.6597
20200209-13236,-1,0.2846,0.09486666666666667,0.0,0.0,0.13416172661712764,0.2846,0.2846,0.2846,0.0,0.5692
20200921-20288,-1,-0.9156,0.013974285714285715,0.0,0.0,0.36049619561523977,0.007863636363636366,0.0,0.0,0.434230973881051,0.0
20200908-18623,-1,-0.9455,-0.1101705882352941,0.0,0.0,0.3143025233652629,-0.09808846153846154,0.0,0.0,0.40592147718012495,-0.34
20200314-34070,-1,-0.9696,-0.09034333333333333,0.0,0.0,0.43262209658725886,-0.07221481481481482,0.0,0.0,0.42542146135393927,0.0
20200606-44000,-1,0.7822,-0.02264285714285714,0.0,0.0,0.41641913177245166,-4.285714285714607e-05,0.0,0.0,0.51524891124991,0.5106
20200824-34649,-1,-0.7365,-0.02505529411764706,0.0,0.0,0.41374529860655956,-0.03532181818181818,0.0,0.0,0.49251107147349177,0.4309
20200811-87185,1,0.9746,0.21283529411764707,0.2023,0.0,0.34470533868658193,0.26749285714285714,0.3818,0.3818,0.3458134952838136,0.8982
20200220-10739,1,-0.1018,0.0221875,0.0,0.0,0.29804378951548377,0.02242307692307692,0.0,0.0,0.30459184330168326,0.0
20200721-34357,1,0.9897,0.1771,0.0,0.0,0.2581517528509152,0.42683,0.35,0.0,0.3434142485395736,0.3182
20200429-93784,1,0.9903,0.080936,0.0,0.0,0.3048764567886474,0.11861935483870968,0.0,0.0,0.3880149767805817,0.5106
20200914-67239,-1,-0.9956,-0.15412758620689654,-0.0772,0.0,0.4265778522926236,-0.3028166666666667,-0.42235,-0.8481,0.519181137037504,-1.026
20200509-7491,0,0.0258,0.0033400000000000096,0.0,0.0,0.3176771291736313,0.002783333333333341,0.0,0.0,0.2900008874507494,0.5106
20200415-1836,0,0.9577,0.126035,0.0,0.0,0.27034181377471006,0.18732857142857143,0.08945,0.0,0.2544304491789215,0.5106
20200308-34636,-1,-0.9443,-0.09859354838709677,0.0,0.0,0.28611274670895814,-0.2924,-0.4404,-0.4404,0.429896117684261,0.33240000000000003
20200630-20718,0,0.6869,0.0406,0.0,0.0,0.22500169913888343,0.05278,0.0386,0.0,0.2552853963704152,0.13689999999999997
20200416-20671,0,0.8727,0.01976610169491525,0.0,0.0,0.32873927313048945,0.02715890410958904,0.0,0.0,0.31289782210531775,0.0
20200826-13378,0,0.9558,0.11128636363636364,0.0,0.0,0.3114457683646246,0.12519375,0.0,0.0,0.3378775101067508,0.0
20200731-19888,-1,0.891,0.06824583333333334,0.0,0.0,0.28000729898100674,0.12140714285714285,0.08945,0.0,0.36768935348098575,0.19689999999999996
20200128-98560,-1,-0.9769,-0.2077142857142857,-0.05135,0.0,0.3983110052945757,-0.2774875,-0.1525,0.0,0.4515719251611531,-0.886
20200803-64818,-1,-0.9371,-0.04241470588235294,0.0,0.0,0.3028909181754197,-0.04566206896551724,0.0,0.0,0.33360556868521896,0.5106
20200604-81862,-1,0.8072,0.03733809523809523,0.0,0.0,0.35435298580476615,0.09508888888888889,0.0,-0.3182,0.43989103308393807,-0.3182
20200319-9062,0,0.949,0.03263488372093023,0.0,0.0,0.3663056817796528,0.057212121212121214,0.0,0.0,0.4248499355441449,-0.1027
20200407-94804,1,0.9924,0.14198510638297873,0.0258,0.0,0.467278228649345,0.21542941176470587,0.1027,0.0,0.5276820051382393,0.0
20200622-67364,1,0.9092,0.07942857142857143,0.0,0.0,0.25527834788316695,0.09344444444444444,0.0,0.0,0.2619475100562923,0.2023
20200218-56868,-1,-0.577,-0.030961904761904767,0.0,0.0,0.31207024312483067,-0.03610588235294118,0.0,0.0,0.30095873367816167,-0.008800000000000002
20200711-22579,-1,-0.9937,-0.1309764705882353,0.0,0.0,0.3474824411352999,-0.2202421052631579,-0.2263,0.0,0.5485953962197118,-0.9382
20200426-20673,-1,0.9988,0.04417977528089888,0.0,0.0,0.2954174381058575,0.09353972602739725,0.0,0.0,0.4268186964680899,0.2023
20200125-20160,0,0.0,0.09746000000000002,0.4019,0.4019,0.49403678648456933,0.06961428571428573,0.0,0.0,0.4198521761238333,0.5106
20200324-30490,1,0.9722,0.05805714285714286,0.0,0.0,0.33735901629799525,0.11286666666666667,0.0258,0.0,0.4309534403828072,0.5106
20200203-90775,-1,-0.9109,-0.10196111111111111,0.0,0.0,0.365602550044123,-0.09155624999999999,0.0,0.0,0.4058908273303765,0.5106
20200821-32478,0,0.6675,0.07516666666666666,0.0,0.0,0.457118165947153,0.020748148148148144,0.0,0.0,0.46188758442365474,0.2732
20200417-72606,-1,0.9927,0.17699714285714285,0.0,0.0,0.4030928120603168,0.24015555555555557,0.1033,0.0,0.496068557338849,0.0
20200416-43635,1,0.9988,0.26227391304347825,0.26115,0.0,0.41694542205382784,0.5366,0.5106,0.4215,0.43781378334731413,1.3986
20200912-13356,-1,-0.9933,-0.13702537313432836,-0.0772,0.0,0.36690338650364873,-0.2455794871794872,-0.25,0.0,0.398181940877236,-0.3632
20200126-20875,-1,0.9766,0.06644655172413794,0.0,0.0,0.24343163963988856,0.06598225806451613,0.0,0.0,0.23661748669065938,-0.10530000000000006
20200322-38825,-1,0.6369,-0.02014375,0.0,0.0,0.2655501811540288,-0.010476923076923082,0.0,0.0,0.3542643355849635,0.9125000000000001
20200315-37764,-1,0.3715,0.005192857142857146,0.0,0.0,0.3390612196392641,-0.033405882352941174,0.0,0.0,0.3726745772837654,-0.843
20200627-8898,-1,0.9698,0.028477272727272723,0.0,0.0,0.3677485812738448,0.04538125,0.0,0.0,0.3933384053290129,-0.4939
20200919-19541,-1,0.8926,0.00903030303030303,0.0,0.0,0.3196277773464367,0.01033333333333333,0.0,0.0,0.33118254036518147,0.5205
20200731-53555,-1,-0.9913,-0.150125,0.0,0.0,0.33840603754956855,-0.20262272727272726,-0.19485,0.0,0.3955112628344807,0.5106
20200303-89314,-1,-0.9505,-0.06273018867924528,0.0,0.0,0.3791195746975251,-0.1182695652173913,0.0,0.0,0.5042181441596594,0.5106
20200408-45080,1,0.7351,0.00885217391304348,0.0,0.0,0.4281951098045043,0.009695238095238099,0.0,0.0,0.4481125788355618,-0.36310000000000003
20200318-2859,-1,-0.9487,-0.040176315789473685,0.0,0.0,0.37845966025331973,-0.04376086956521739,0.0,0.0,0.4607534252760273,0.5106
20200806-38033,0,0.8151,0.03137586206896552,0.0,0.0,0.14816692044418014,0.050550000000000005,0.0,0.0,0.18547283493816555,0.4767
20200328-41300,-1,-0.9978,-0.20132432432432432,-0.128,0.0,0.4028627500207399,-0.2867423076923077,-0.23815,0.0,0.4246155031528541,0.5106
20200206-12015,1,0.8807,0.013015853658536584,0.0,0.0,0.2037205214165291,0.012435999999999996,0.0,0.0,0.35810585013931284,0.5106
20200505-4038,1,0.9931,0.04467875,0.0,0.0,0.29947721603393723,0.13442,0.0,0.0,0.3389071299675726,0.0
20200302-51268,-1,-0.9849,-0.06887599999999999,0.0,0.0,0.47307927054987303,-0.10303333333333332,0.0,0.0,0.39318928848736023,0.16949999999999998
20200504-59603,1,0.9783,0.23233333333333334,0.0,0.0,0.29787839950034795,0.29414545454545454,0.296,0.0,0.3275380654176254,0.5106
20200505-66007,-1,0.938,0.10657777777777779,0.06425,0.0,0.3737839818153373,0.06795,0.0,0.0,0.30943031183873276,0.5106
20200806-55154,1,0.9437,0.3129416666666667,0.37495,0.0,0.4543564027983857,0.41725555555555555,0.5859,0.743,0.48138076200102903,1.3289
20200825-16946,1,0.975,0.23696,0.0386,0.0,0.38332708278961974,0.17543333333333333,0.0,0.0,0.42407546563737397,0.35259999999999997
20200219-65693,0,0.5425,0.008447619047619048,0.0,0.0,0.33194895709036154,-0.02359444444444445,0.0,0.0,0.3123273326926633,0.0
20200727-78276,0,0.9896,0.07349705882352942,0.0,0.0,0.3755778230511222,0.32905555555555555,0.7184,0.0772,0.7023938672079634,1.039
20200929-58409,-1,-0.9845,-0.19114615384615385,0.0,0.0,0.41375779261150547,-0.2543722222222222,-0.3609,0.0,0.467096060552806,0.3182
20200215-32163,1,-0.9904,-0.09811111111111111,0.0,0.0,0.3481607880290192,-0.11151785714285714,0.0,0.0,0.36518932375019186,-0.4215
20200628-11725,-1,-0.966,-0.12939166666666665,0.0,0.0,0.3078172621459037,-0.22782631578947368,0.0,0.0,0.34909173555642226,-0.6652
20200814-17005,0,0.9687,0.07654848484848485,0.0,0.0,0.32959112146140884,0.13224117647058825,0.0,0.0,0.3489077344055699,0.3182
20200626-31419,1,0.9464,0.14081333333333335,0.0,0.0,0.2822607798157977,0.17601666666666668,0.0,0.0,0.3057834223578657,0.5106
20200527-74042,1,0.9451,0.05618372093023256,0.0,0.0,0.32346962542439933,0.06477714285714285,0.0,0.0,0.35998984436922604,0.5106
20200529-35072,-1,-0.9999,-0.07262997658079626,0.0,0.0,0.40026282330447777,-0.09570719424460432,0.0,0.0,0.4444626106326618,0.0
20200824-74622,-1,0.9943,0.13110857142857144,0.0,0.0,0.3055602904000907,0.2251,0.0,0.0,0.4117443381517225,0.3818
20200501-62795,-1,0.4939,0.04905,0.0,0.0,0.23322696778031482,0.07007142857142858,0.0,0.0,0.27610483885802567,0.5106
20200924-57783,1,0.9739,0.24835000000000002,0.2851,0.0,0.4183434145531635,0.21289166666666667,0.08415,0.0,0.4290242406871927,0.5106
20200610-18774,-1,-0.7351,-0.031841176470588234,0.0,0.0,0.2955879913958607,-0.06628947368421052,0.0,0.0,0.3176738544229498,0.5106
20200217-13808,-1,0.9835,0.023688,0.0,0.0,0.5101790637178284,0.03842608695652174,0.0,0.0,0.5272316850818559,-0.7096
20200629-82025,-1,-0.218,0.028653846153846158,0.0,0.0,0.34861473249989927,0.031041666666666672,0.0,0.0,0.36274756479387826,0.5106
20200705-3848,-1,0.1531,0.010870000000000008,0.0,0.0,0.2051961015711556,0.01358750000000001,0.0,0.0,0.22933572790507373,0.5106
20200311-45651,-1,-0.9674,-0.17218571428571428,-0.0258,0.0,0.32886874033168145,-0.16070666666666666,0.0,0.0,0.32060738911565273,-0.8442
20200505-42799,-1,-0.8515,0.025782608695652177,0.0,0.0,0.38692811336853494,0.01978484848484849,0.0,0.0,0.4224275057914902,0.5106
20200213-78120,-1,-0.9954,-0.15024642857142856,0.0,0.0,0.37600774353931943,-0.26816923076923077,-0.296,0.0,0.4936767680992764,0.0516
20200514-3532,1,0.8607,0.03713142857142858,0.0,0.0,0.28954413803319823,0.135675,0.2732,0.2732,0.4255841448820668,0.8856
20200523-50137,0,-0.9325,-0.18051818181818183,0.0,0.0,0.2763013928112225,-0.29057777777777777,-0.3818,0.0,0.26725509153357074,-1.1988
20200818-24976,-1,-0.2263,-0.002008333333333334,0.0,0.0,0.18410622594186096,-0.002190909090909092,0.0,0.0,0.1922916414509503,-0.4404
20200719-12911,-1,0.8402,0.058249999999999996,0.0,0.0,0.2935685349662362,0.0699,0.0,0.0,0.32031960081560207,0.3612
20200326-95918,-1,-0.7845,-0.04676785714285714,0.0,0.0,0.37100972556907014,-0.03094444444444444,0.0,0.0,0.3986870970548516,0.5106
20200323-90597,-1,-0.9722,-0.08197878787878787,0.0,0.0,0.306735206857321,-0.15301666666666666,-0.0258,0.0,0.3986339663985831,0.5106
20200423-72011,0,-0.0671,-0.017339999999999994,0.0,0.0,0.28479880102743876,-0.021674999999999993,0.0,0.0,0.3182671601160467,0.5106
20200709-16842,-1,-0.9899,-0.05254047619047619,0.0,0.0,0.3489759352185735,-0.06742894736842106,0.0,0.0,0.391355187244404,-0.3182
20200617-80188,-1,0.9926,0.24470526315789473,0.3612,0.0,0.3971531713976945,0.31684615384615383,0.4019,0.0,0.4710605230024704,0.5106
20200404-31908,0,0.9868,0.09915116279069768,0.0,0.0,0.26071349629394086,0.28282222222222225,0.0,0.0,0.431480535875613,0.0
20200805-61218,-1,-0.9977,-0.15467777777777778,0.0,0.0,0.42208833315747346,-0.19648205128205126,0.0,0.0,0.46354086416924084,-1.2179
20200504-83451,1,0.9867,0.1846375,0.17,0.0,0.45577515547005193,0.2062,0.3609,-0.1779,0.5193805367935922,-0.6885000000000001
20200910-57371,-1,-0.9752,-0.14119,0.0,0.0,0.4578752077804606,-0.13533333333333333,0.0,0.0,0.41475384694485423,0.0
20200505-79442,1,0.9899,0.2579238095238095,0.296,0.0,0.3322166216775146,0.2859529411764706,0.296,0.0,0.36560390511115437,0.5106
20200728-39326,0,-0.3781,0.029022727272727266,0.0,0.0,0.3758014828116982,0.06325454545454545,0.0,0.743,0.4158299835348716,0.9453
20200204-9326,-1,-0.5499,-0.007587999999999995,0.0,0.0,0.3469145546903445,0.0002200000000000063,0.0,0.0,0.38185852039728013,0.5106
20200229-26011,-1,0.0,-0.008371428571428561,0.0,0.0,0.24566993951982297,-0.009766666666666654,0.0,0.0,0.26532818462341234,0.5106
20200523-29969,-1,-0.4404,-0.040881818181818186,0.0,0.0,0.3367540505747665,-0.049966666666666666,0.0,0.0,0.37168546140819425,0.5106
20200617-41946,-1,-0.8834,-0.011733333333333333,0.0,0.0,0.39355770210845686,-0.025124999999999998,0.0,0.0,0.4479444815394723,0.4019
20200507-35207,1,0.9807,0.13431944444444444,0.0,0.0,0.35020140857277837,0.18919999999999998,0.0,0.0,0.4169887081531978,0.3182
20200719-39050,1,0.7783,0.08693333333333333,0.0,0.0,0.20030788107865907,0.10432,0.0,0.0,0.2152536169266384,0.0
20200401-15695,0,0.8481,0.13143333333333332,0.0,0.0,0.38031209113919406,0.16898571428571427,0.4019,-0.4404,0.42381176221987793,0.3026
20200307-46258,0,0.9986,0.2518142857142857,0.25,0.0,0.34491165091770315,0.41428125,0.53405,0.4822,0.39385313287244206,0.4822
20200125-18724,-1,-0.9661,-0.1366,0.0,0.0,0.32949917450579447,-0.14863125,0.0,0.0,0.36649588967468316,0.5106
20200502-39117,-1,-0.9866,-0.35525555555555555,-0.296,0.0,0.3755772804367257,-0.35525555555555555,-0.296,0.0,0.3755772804367257,-0.9337
20200129-3466,-1,0.5932,-0.016589999999999997,0.0,0.0,0.3414517226490445,-0.03522222222222222,0.0,0.0,0.444418135888009,0.0
20200821-25984,-1,0.9873,0.10107058823529412,0.0,0.0,0.39613342265796353,0.117534375,0.0,0.0,0.40467158567888034,0.5106
20200428-4094,-1,-0.9582,-0.14712173913043478,0.0,0.0,0.3266044795301334,-0.13807916666666667,0.0,0.0,0.328163555486141,-0.5574
20200622-33970,0,0.9804,0.3416909090909091,0.4767,0.0,0.35570238697424217,0.31853333333333333,0.4767,0.0,0.33688782340054313,0.5106
20200506-86351,1,0.9931,0.18684583333333332,0.11405,0.0,0.4198928841374971,0.27584444444444445,0.4118,0.0,0.5705717836056332,-0.25
20200318-19270,0,-0.8762,-0.07573529411764707,0.0,0.0,0.30610989364870156,-0.07487692307692308,0.0,0.0,0.325456782322574,-0.8555
20200307-1231,-1,-0.9886,-0.2293888888888889,-0.24914999999999998,0.0,0.27338659824279143,-0.26354285714285713,-0.23775000000000002,0.0,0.3234234966159158,-0.2023
20200905-49019,-1,-0.9987,-0.18569148936170213,-0.1531,0.0,0.42099203248628203,-0.2205,-0.22035,0.0,0.4747605997329849,0.8442
20200407-31202,-1,0.9823,0.06430545454545455,0.0,0.0,0.3059209971801584,0.08627272727272728,0.0,0.0,0.38202094284390986,0.8584
20200518-16769,1,-0.5814,0.014812499999999992,0.0,0.0,0.3393314804048543,0.01316666666666666,0.0,0.0,0.31995865357886477,0.5267
20200615-1544,1,0.9941,0.31246521739130434,0.4404,0.0,0.438219457239422,0.3841,0.4588,0.4404,0.48903555386206476,0.8926000000000001
20200622-57145,-1,0.81,0.004047457627118643,0.0,0.0,0.22661082472681407,-0.0030571428571428594,0.0,0.0,0.34299149034484744,0.0
20200709-61592,-1,-0.4208,0.066525,0.0129,0.0,0.3279702784425239,0.07057272727272729,0.0,0.0,0.34807472314513443,0.5106
20200430-20040,0,0.8061,-0.020394915254237294,0.0,0.0,0.37356899456855214,-0.01309166666666667,0.0,0.0,0.45124369209195353,0.0
20200310-56405,-1,-0.987,-0.10046666666666666,0.0,0.0,0.4371003361802515,-0.18860555555555555,-0.31720000000000004,0.0,0.6085260767463025,-0.005699999999999927
20200131-62826,-1,-0.9964,-0.33105555555555555,-0.33985,0.0,0.31780772353075765,-0.3268473684210526,-0.3291,0.0,0.30542146095005224,-1.3573
20200826-62290,-1,0.9634,0.0784483870967742,0.0498,0.0,0.4309534709342782,0.313,0.6516,0.7579,0.6422646242009598,1.1598
20200325-104622,0,0.6943,0.05361724137931034,0.0,0.0,0.35063348785617027,0.056857894736842114,0.0,0.0,0.42334671782158023,0.5106
20200320-17373,-1,-0.9645,-0.05915,0.0,0.0,0.3321159212784998,-0.13274615384615385,0.0,0.0,0.48641255141856155,0.5267
20200414-5827,-1,0.8445,0.05240416666666667,0.0,0.0,0.3293778029345211,0.03558,0.0,0.0,0.318918334374178,0.5859
20200522-78423,0,0.97,0.1138842105263158,0.0,0.0,0.24709696000847392,0.15455714285714287,0.08895,0.0,0.2767248703632383,0.5106
20200403-4733,1,0.9898,0.049423076923076924,0.0,0.0,0.42154752474816143,0.23635,0.3155,0.9432,0.6954570194004323,1.923
20200525-45538,1,0.9863,0.1673,0.0,0.0,0.2925851807593816,0.16273529411764706,0.0,0.0,0.37198887070824554,0.0
20200722-19452,-1,-0.9984,-0.49593809523809523,-0.5719,0.0,0.3217727880355662,-0.6839272727272727,-0.7845,0.0,0.3334352522424954,-0.8957
20200820-55152,0,0.9826,0.15701666666666667,0.0,0.0,0.24749141391231627,0.10943103448275862,0.0,0.0,0.23985657798438242,0.6369
20200530-12576,-1,-0.9838,-0.100975,0.0,0.0,0.3639128224932449,-0.1339448275862069,0.0,0.0,0.3177842291026249,-1.3780999999999999
20200714-62025,-1,0.9752,0.07300384615384614,0.0,0.0,0.43207631669271757,0.10077727272727272,0.0,-0.296,0.4497672548934395,-0.3818
20200804-65286,1,0.9985,0.32360666666666665,0.1366,0.0,0.355151956147725,0.43705714285714287,0.4404,0.0,0.36290827198832354,0.0
20200813-85773,0,0.9303,0.02779722222222222,0.0,0.0,0.4083030604329958,0.04621702127659574,0.0,0.0,0.34796350647436536,0.7096
20200622-1665,1,0.9959,0.1602487804878049,0.0,0.0,0.3214438130335334,0.259712,0.0,0.0,0.3819325524958563,0.0
20200305-88230,0,0.4939,0.014664285714285718,0.0,0.0,0.3381907420527713,0.020530000000000007,0.0,0.0,0.40000218261904524,0.5106
20200316-17915,-1,0.9201,0.10245,0.0,0.0,0.2559700988396887,0.1291125,0.0,0.0,0.27033125946466124,0.5106
20200917-826,-1,-0.948,-0.03540645161290323,0.0,0.0,0.43489439796085155,-0.10220555555555556,0.0,0.0,0.5391757520844224,-0.3182
20200923-55505,-1,0.8406,0.01507045454545455,0.0,0.0,0.26637565543586056,0.017988888888888895,0.0,0.0,0.4048397157296932,0.0
20200715-28129,1,0.9981,0.19459830508474577,0.0,0.0,0.2870729166756291,0.27468275862068964,0.0,0.0,0.3773059026645269,0.4767
20200329-8004,-1,0.5994,0.129025,0.17,-0.5423,0.4634646824462464,0.11836666666666668,0.17,0.0,0.35304892327016413,0.5106
20200724-53335,-1,-0.9602,-0.04189615384615385,0.0,0.0,0.31040970008729435,-0.10683684210526315,0.0,0.0,0.4116921156839702,0.0
20200516-34974,-1,0.9791,0.14559473684210525,0.09,0.0,0.3070460011372961,0.1318125,0.08360000000000001,0.0,0.3064075673735066,0.6166999999999999
20200409-82354,-1,0.9915,0.1533142857142857,0.0772,0.0,0.2772583242525766,0.14502702702702702,0.0,0.0,0.271880124268477,0.1779
20200818-74477,-1,0.8714,0.026688461538461536,0.0,0.0,0.3070114472019207,0.05786818181818182,0.0,0.0,0.35459158630530474,0.4767
20200405-38797,1,0.9996,0.20879333333333333,0.0129,0.0,0.3422641711375067,0.2345857142857143,0.0157,0.0,0.36326840737382926,0.8305
20200618-54802,-1,-0.9856,-0.08783863636363637,0.0,0.0,0.300974826201846,-0.13115862068965517,0.0,0.0,0.3711427437237419,0.5106
20200420-5018,-1,-0.9929,-0.2047076923076923,0.0,0.0,0.4136072932356869,-0.4117777777777778,-0.6249,-0.5719,0.5381044090710727,-0.09519999999999995
20200627-36665,-1,-0.9348,-0.037478571428571424,0.0,0.0,0.3300764128960749,-0.08246333333333333,-0.0258,0.0,0.3737152226703584,0.8591
20200218-56,0,-0.9891,-0.28030333333333335,-0.28459999999999996,0.0,0.410696528256841,-0.9891,-0.9891,-0.9891,0.0,-1.9782
20200124-60712,-1,0.8481,0.01497090909090909,0.0,0.0,0.16702551647493566,0.8481,0.8481,0.8481,0.0,1.6962
20200625-8968,-1,0.9648,0.06649,0.0,0.0,0.3027963158626604,0.07671923076923076,0.0,0.0,0.32404676896449897,0.3182
20200630-7569,0,0.9955,0.15566296296296295,0.0,0.0,0.300585601473928,0.31103846153846154,0.3182,0.0,0.3690010955548913,0.3612
20200406-26239,-1,-0.7841,-0.131075,0.0,0.0,0.3449995969200544,-0.11651111111111111,0.0,0.0,0.3278667528956253,0.5106
20200319-75775,0,0.1531,0.01358750000000001,0.0,0.0,0.22933572790507373,0.01811666666666668,0.0,0.0,0.2646591167059158,0.5106
20200617-87837,-1,-0.91,-0.2199111111111111,-0.2732,0.0,0.1984251073072068,-0.24739999999999998,-0.2732,-0.2732,0.19363196404519578,-0.2732
20200526-82324,-1,0.9321,0.05896285714285714,0.0,0.0,0.3193993846364179,0.08624285714285713,0.0,0.0,0.40340100641023335,-0.401
20200328-37066,-1,-0.8375,-0.007887179487179489,0.0,0.0,0.49867809882316955,-0.04925714285714286,0.0,0.0,0.532247306527823,0.5106
20200722-62668,-1,0.8537,0.03961052631578948,0.0,0.0,0.4065640286140436,0.028087500000000012,0.0,0.0,0.45659291069151525,0.5106
20200721-48608,0,0.9057,0.11587499999999999,0.0,0.0,0.3096857980948863,0.11810999999999999,0.0,0.0,0.3781413821575205,0.5413
20200405-41120,-1,-0.3774,0.03750526315789473,0.0,0.0,0.33631752927644876,-0.015561538461538476,0.0,0.0,0.3923725653752713,0.0
20200504-3216,0,0.9307,0.08729523809523809,0.0,0.0,0.39471887823420243,0.11273571428571427,0.0129,0.0,0.4749397610030483,0.695
20200901-11793,0,0.986,0.15514782608695651,0.0,0.0,0.32568610504136225,0.22185,0.08895,0.0,0.34581375406423615,0.5106
20200708-83045,0,-0.9422,-0.022415217391304348,0.0,0.0,0.32353570326962394,-0.07955000000000001,0.0,0.0,0.5795953485454792,0.4215
20200416-39756,-1,-0.8479,-0.059965624999999995,0.0,0.0,0.39314002722421865,-0.09824000000000002,-0.0395,0.4767,0.5330667673003073,0.4767
20200414-66164,1,0.8807,0.0957888888888889,0.0,0.0,0.3494417085213512,0.10737142857142858,0.0,0.0,0.3012442967535329,0.5106
20200508-18896,0,0.5829,0.023490476190476187,0.0,0.0,0.22256976841893636,0.03288666666666666,0.0,0.0,0.2627607526925502,0.1027
20200618-72281,0,0.9938,0.23995172413793103,0.0516,0.0,0.2796286153043485,0.42604285714285717,0.47355,0.0,0.31074955629042156,0.1779
20200328-33443,-1,0.5106,0.10212000000000002,0.0,0.0,0.20424000000000003,0.08510000000000001,0.0,0.0,0.19028938488523212,0.5106
20200721-14229,1,0.9896,0.11826136363636364,0.0,0.0,0.29485101185013696,0.2670277777777778,0.28459999999999996,0.0,0.41492593824488133,0.0
20200421-34471,1,0.9906,0.17963333333333334,0.0,0.0,0.3598450512218959,0.19008421052631577,0.0,0.0,0.39523043147158954,-0.17200000000000004
20200402-47821,1,0.9881,0.09547380952380953,0.0,0.0,0.3906531655351463,0.08860645161290323,0.016,0.0,0.4397510350887221,0.5106
20200615-48943,1,0.685,0.09882826086956521,0.0,0.0,0.35171141805836725,0.12163125,0.0,0.0,0.43309127605902836,0.5106
20200331-39020,-1,-0.9983,-0.10807903225806452,0.0,0.0,0.41804215759668995,-0.19940555555555556,-0.1624,0.0,0.4460305787626651,-0.3183
20200318-61097,-1,0.9661,0.13005416666666667,0.0,0.0,0.280318159982496,0.18316470588235292,0.296,0.0,0.3210206864164153,0.0
20200716-31464,1,0.7351,0.23775000000000002,0.2202,0.0,0.2390419785309685,0.1585,0.0,0.0,0.22506703445862528,0.5106
20200129-69273,-1,0.3182,0.034975,0.0,0.0,0.3220556114632999,0.04663333333333333,0.0,0.0,0.3711460928289859,0.5106
20200519-24628,-1,-0.9078,-0.090972,0.0,0.0,0.2702792977939672,-0.08344,0.0,0.0,0.2533859822484267,0.5106
20200402-93078,-1,-0.94,-0.03498444444444445,0.0,0.0,0.26432067977747165,-0.04104117647058824,0.0,0.0,0.3014592628001795,-0.296
20200325-47367,-1,-0.8437,-0.0331,0.0,0.0,0.34739174538538586,-0.06319090909090909,0.0772,0.5423,0.4780058319433988,-0.1846
20200323-34224,-1,-0.9989,-0.488456,-0.5106,-0.5106,0.3482344257307138,-0.48917083333333333,-0.5022500000000001,0.0,0.34548131338656446,-0.8834
20200524-40694,-1,0.3458,0.019581818181818172,0.0,0.0,0.3469441815681118,0.11726666666666667,0.3669,0.5423,0.4824055163679435,0.9092
20200904-64970,1,0.961,0.01808433734939759,0.0,0.0,0.27657824204291426,0.07326428571428571,0.07655,0.0,0.4189498394917989,0.5106
20200729-69650,1,-0.5106,-0.029766666666666674,0.0,0.0,0.33721179299267295,-0.039400000000000004,0.0,0.0,0.37855043445830494,-0.4588
20200811-75776,-1,-0.9957,-0.2441057142857143,-0.25,0.0,0.34190646669425095,-0.18742558139534884,0.0,0.0,0.3827500818543945,-0.5423
20200621-44783,1,0.9429,0.07170526315789474,0.0,0.0,0.319437171935898,0.09597058823529413,0.0,0.0,0.30321208800346117,0.5574
20200422-61798,-1,0.3182,0.01538181818181819,0.0,0.0,0.47274514144550506,0.01538181818181819,0.0,0.0,0.47274514144550506,0.5106
20200715-41795,0,-0.9861,0.0035571428571428607,0.0,0.0,0.3343458500549687,-0.045189655172413794,0.0,0.0,0.39955333798253334,0.0
20200427-41523,1,0.9726,0.19366923076923076,0.3182,0.6486,0.4473185620744252,0.20663076923076923,0.3182,0.0,0.44852384789459915,0.5106
20200513-43798,1,-0.745,-0.04615238095238095,0.0,0.0,0.22318501959253792,-0.08689166666666667,-0.08895,0.0,0.27317022915614764,-0.1779
20200923-46386,0,-0.6103,0.04032058823529412,0.0,0.0,0.32677204122915066,0.028326470588235293,0.0,0.0,0.34506311128530703,0.6423
20200703-72895,-1,0.9678,0.123888,0.0,0.0,0.26737443007138884,0.20293571428571427,0.0386,0.0,0.3161372364906076,0.5106
20200720-29612,-1,-0.9896,-0.11621875,0.0,0.0,0.3836315317442474,-0.20488,-0.3182,-0.3182,0.5263784471271596,-0.8891
20200723-21335,-1,-0.967,-0.026472368421052633,0.0,0.0,0.30945119400858345,-0.06837272727272728,0.0,0.0,0.45866011266859474,0.5106
20200812-7579,-1,0.9493,-0.018559375,0.0,0.0,0.3450429673056812,-0.015466666666666668,0.0,0.0,0.5259531685954136,-0.4404
20200225-67858,-1,-0.2495,-0.022623943661971832,0.0,0.0,0.2786727074498062,-0.03982083333333334,0.0,0.0,0.43299905020985774,0.5106
20200304-84713,-1,0.4532,-0.03017818181818182,0.0,0.0,0.30907893060211783,-0.03287575757575758,0.0,0.0,0.39203970657768455,0.5106
20200930-62621,1,0.9964,0.23206666666666667,0.0898,0.0,0.47288644925488077,0.19385172413793103,0.0,0.0,0.44525734489919705,0.6049
20200717-49866,0,0.8153,0.07561818181818182,0.0,0.0,0.2904280283812523,0.06398214285714286,0.0,0.0,0.30867519574276897,0.3182
20200723-58469,-1,-0.9777,-0.1765307692307692,-0.0258,0.0,0.46076060592929535,-0.25793636363636363,-0.2732,0.0,0.3803531212695699,0.5106
20200519-90061,0,0.983,0.093025,0.0,0.0,0.28036010052414573,0.27048,0.4019,0.0,0.4600968900858456,0.5106
20200708-14012,-1,-0.9971,-0.13481875,0.0,0.0,0.373516682557068,-0.18139666666666665,-0.2263,0.0,0.42381996687534934,-1.5398
20200418-31236,0,0.995,0.1843311111111111,0.0,0.0,0.3863125889295249,0.46316666666666667,0.6556,0.0,0.5365747017476277,0.0516
20200825-48884,-1,-0.9714,-0.09292571428571428,0.0,0.0,0.4074041197230913,-0.08847714285714285,0.0,0.0,0.37173628062740105,-1.0406
20200413-3442,-1,0.25,0.011961538461538466,0.0,0.0,0.3409416925978389,0.009414285714285717,0.0,0.0,0.3224693138383045,0.5106
20200316-86175,1,0.6486,0.1895,0.1366,0.2732,0.21930300955527265,0.12633333333333335,0.0,0.0,0.20010646055426487,0.5106
20200523-9601,-1,-0.6487,-0.025086111111111108,0.0,0.0,0.3141617251183234,-0.026162962962962964,0.0,0.0,0.33584001498525295,-0.6979
20200731-32418,1,0.9935,0.32117368421052633,0.4404,0.0,0.3435054658909417,0.34061875,0.31930000000000003,0.0,0.3810711551317385,0.5106
20200125-51464,-1,-0.9604,-0.09165,0.0,0.0,0.36618901074569277,-0.11107777777777778,0.0,0.0,0.4055441852287362,0.3182
20200204-41765,0,-0.9001,-0.09418421052631579,0.0,0.0,0.2981093534138065,-0.10286875,0.0,0.0,0.33536511021338744,0.3182
20200522-74530,1,0.9621,0.1748375,0.0129,0.0,0.32860252371786497,0.18588666666666667,0.0,0.0,0.33808934098680027,0.5106
20200521-91132,1,-0.9902,-0.10796969696969697,0.0,0.0,0.409566779610498,-0.16905263157894737,0.0,0.0,0.48062496471115723,-0.95
20200421-21845,-1,-0.9976,-0.13278653846153846,0.0,0.0,0.33080700801155377,-0.21459565217391305,-0.1531,0.0,0.37248048852110693,0.6572
20200428-31614,1,-0.3612,-0.08333333333333333,0.0,0.0,0.11785113019775792,-0.08333333333333333,0.0,0.0,0.11785113019775792,0.0
20200625-56671,1,-0.9857,-0.03200555555555556,0.0,0.0,0.1413957225872169,-0.9857,-0.9857,-0.9857,0.0,-1.9714
20200508-21302,-1,0.8837,0.03924666666666667,0.0,0.0,0.3036615876633431,0.0788,0.0,0.0,0.41273663159310625,0.5106
20200912-52190,0,-0.7938,0.03955217391304348,0.0,0.0,0.3717699222690961,0.05541428571428571,0.12335000000000002,0.9287,0.6388447339390321,0.9287
20200601-63031,0,0.1406,-0.0018434782608695629,0.0,0.0,0.4286646118050669,-0.002649999999999997,0.0,0.0,0.5139487352839776,0.5106
20200418-39869,-1,0.9722,0.038248,0.0,0.0,0.3396888983996975,0.053033333333333335,0.0,0.0,0.41084559044964714,0.8748
20200528-88547,1,0.9963,0.25875,0.0,0.0,0.325564583783749,0.42205,0.3463,0.0,0.3808901099179832,0.0
20200608-62021,-1,-0.0772,0.029614285714285715,0.0516,-0.6124,0.5129277265395791,0.024549999999999995,0.0,0.0,0.4836549648251323,0.5106
20200314-19730,-1,-0.8308,-0.09306,0.0,0.0,0.31318305254275813,-0.10339999999999999,0.0,0.0,0.3285006071362561,0.5106
20200407-63515,-1,0.9092,0.024249999999999997,0.0,0.0,0.4059152579870171,0.07843076923076922,0.0,0.0,0.4587549930721616,0.5106
20200601-27171,0,0.4048,0.004139784946236561,0.0,0.0,0.381036808579469,-0.05495,0.0,0.0,0.5211270660103651,-0.0516
20200310-32234,1,-0.9231,0.0033906249999999987,0.0,0.0,0.30926708608759096,-0.03435925925925926,0.0,0.0,0.45996982047477797,0.5106
20200909-67079,-1,-0.9311,-0.09425,0.0,0.0,0.21419528278341396,-0.42012499999999997,-0.41169999999999995,-0.4215,0.035752089099799475,-0.8233999999999999
20200815-47694,1,0.9895,0.24492,0.296,0.0,0.27366089234671437,0.3045466666666667,0.3182,0.0,0.37420100813451707,0.5106
20200913-19278,1,-0.9577,-0.10408333333333333,0.0,0.0,0.44871759833502806,-0.10408333333333333,0.0,0.0,0.44871759833502806,0.5106
20200428-22536,1,0.6133,0.10109166666666668,0.21045,0.0,0.4396300100810782,0.10535555555555556,0.34,0.34,0.4889169507097888,-0.18730000000000002
20200529-74249,1,0.9522,0.08323913043478261,0.0,0.0,0.3114348864029351,0.9522,0.9522,0.9522,0.0,1.9044
20200520-14827,0,-0.8629,-0.02764166666666666,0.0,0.0,0.4328500692278512,-0.02764166666666666,0.0,0.0,0.4328500692278512,0.5106
20200929-60294,1,-0.9538,-0.08721333333333334,0.0,0.0,0.5050631760703033,-0.12218,0.0,0.0,0.5431981310718954,-0.25
20200903-88467,0,0.8141,-0.0019535714285714265,0.0,0.0,0.29945572172352825,0.008786666666666668,0.0,0.0,0.37600957588278994,-0.6324
20200208-41789,0,0.7637,0.04484736842105263,0.0,0.0,0.32325302191516375,0.05384848484848485,0.0,0.0,0.3436019306408632,0.5574
20200416-64393,-1,-0.7176,-0.08207021276595745,0.0,0.0,0.35457455652372644,-0.0713125,-0.06720000000000001,0.0,0.4746439563087438,-0.4019
20200706-9445,-1,-0.9437,-0.13211111111111112,0.0,0.0,0.35736938078266817,-0.23922222222222222,-0.4939,-0.872,0.5722325280625347,-1.0
20200411-47950,0,0.9991,0.07600224719101123,0.0,0.0,0.36921314403104233,0.1464235294117647,0.0,0.0,0.4579191317373327,0.296
20200721-8666,-1,-0.9854,-0.2004,0.0,0.0,0.4127082875206594,-0.25442499999999996,-0.11475,0.0,0.44320877346347737,-0.8402
20200313-63261,1,0.7723,0.05515263157894738,0.0,0.0,0.2555404002839577,0.05515263157894738,0.0,0.0,0.2555404002839577,0.5106
20200806-86623,1,0.9737,0.11428,0.0,0.0,0.3165601825877664,0.19952962962962964,0.128,0.0,0.3803626854140905,0.7184
20200423-48804,-1,-0.2846,-0.04560588235294117,0.0,0.0,0.3549435339858146,-0.07744615384615383,0.0,0.0,0.3704046220333497,0.5106
20200320-61595,1,0.9925,0.17026785714285714,0.0,0.0,0.40327775526974974,0.0709904761904762,0.0,0.0,0.36785592470132716,0.536
20200529-46384,1,0.952,0.014122471910112361,0.0,0.0,0.24908899260422224,0.06418214285714285,0.0386,0.0,0.4045388203635375,0.5106
20200414-91350,-1,-0.9748,-0.0883,0.0,0.0,0.36609120863997574,-0.146584,0.0,0.0,0.4934956029631875,0.0
20200309-69362,-1,0.25,-0.050676744186046514,0.0,0.0,0.28683750836205707,-0.07188333333333333,0.0,0.0,0.3395699482024612,0.5106
20200521-85750,0,0.504,0.1233,0.0,0.0,0.43084232846831566,0.504,0.504,0.504,0.0,1.008
20200428-91901,1,-0.8431,-0.013617241379310344,0.0,0.0,0.24241312614155888,-0.033426923076923076,0.0,0.0,0.36636262359506,0.5106
20200516-15295,0,0.6705,0.20165,0.148,0.0,0.21545154327597657,0.13443333333333335,0.0,0.0,0.19995600905087987,0.5106
20200606-6730,-1,-0.9816,-0.029867910447761194,0.0,0.0,0.3687107604420883,-0.027245263157894738,0.0,0.0,0.4309795871997019,-0.4423
20200328-32536,1,0.9845,0.20208571428571429,0.0,0.0,0.3514050265051159,0.3752,0.24975,0.0,0.39156230347161863,0.196
20200714-63262,0,0.9717,0.1507318181818182,0.0,0.0,0.2523811662515894,0.4145125,0.5266500000000001,0.0,0.25656247990255704,1.3157
20200829-33069,-1,-0.9967,-0.20102564102564102,-0.1531,0.0,0.40065790748432417,-0.17475813953488373,-0.0772,0.0,0.38137964496881405,-1.318
20200627-34262,1,0.9956,0.05894551282051282,0.0,0.0,0.37027549053390185,0.11694430379746835,0.2023,0.0,0.44549283724564365,-0.29159999999999997
20200918-77425,0,0.5819,0.039765,0.0,0.0,0.2309268418244185,0.046782352941176476,0.0,0.0,0.24981913748407505,0.5106
20200428-2241,-1,0.875,0.09096470588235295,0.0,0.0,0.23959525660918118,0.12886666666666666,0.0386,0.0,0.27647912619621434,0.0
20200331-52127,0,0.9994,0.1722595238095238,0.0,0.0,0.32510485236050335,0.27336190476190475,0.0,0.0,0.3857595944875889,0.6124
20200430-50783,0,-0.9751,-0.08284642857142857,0.0,0.0,0.3295593296706364,-0.14521578947368421,0.0,0.0,0.39758193629298855,-0.2023
20200608-73498,-1,-0.4903,-0.0044777777777777784,0.0,0.0,0.3763505126807478,-0.007105263157894735,0.0,0.0,0.376737512241871,0.5319
20200709-94989,0,0.9878,0.12189722222222223,0.0,0.0,0.2470625634734282,0.32659166666666667,0.1909,0.0,0.37451025010078903,0.0
20200328-10223,-1,-0.3779,-0.039036842105263155,0.0,0.0,0.2334718313010808,-0.0824111111111111,0.0,0.0,0.3339165113366062,-0.743
20200608-74948,-1,-0.9978,-0.07101764705882353,0.0,0.0,0.364984848573994,-0.16598846153846153,-0.2263,-0.2263,0.4329053630164477,-0.7529999999999999
20200422-88948,0,0.9954,0.17387954545454545,0.0387,0.0,0.29186514677123304,0.286492,0.3182,0.0,0.3457983700597792,0.5106
20200923-54501,0,0.995,0.15761250000000002,0.0,0.0,0.32137152190844476,0.437,0.4404,0.0,0.3838997946179345,1.6631
20200603-67553,0,0.9671,0.2169875,0.0898,0.0,0.35939127071862775,0.31070714285714285,0.1591,0.0,0.4797212009733,1.0832
20200324-12733,-1,-0.9967,-0.08039237288135594,0.0,0.0,0.41025837376818014,-0.15849180327868853,-0.0258,0.0,0.49243943999639317,-0.7841
20200822-32668,-1,-0.8319,-0.01312962962962963,0.0,0.0,0.40184351368717575,-0.004028125000000001,0.0,0.0,0.3810332008453914,0.2263
20200711-46946,0,0.9531,0.04012,0.0,0.0,0.26935173336488233,0.058585000000000005,0.0,0.0,0.33228682832005246,0.31640000000000007
20200627-20402,1,-0.8407,-0.033858333333333324,0.0,0.0,0.40790977139218204,-0.02971904761904761,0.0,0.0,0.41590277551948035,0.5106
20200326-31407,0,-0.7717,-0.0564235294117647,0.0,0.0,0.31436826387013006,-0.07779166666666666,0.0,0.0,0.3993647423478387,0.4404
20200207-48488,-1,-0.9801,-0.06959375,0.0,0.0,0.3176466191358528,-0.11473421052631579,0.0,0.0,0.40354219193505053,0.5106
20200808-27493,1,0.9799,0.26099285714285714,0.29569999999999996,0.0,0.26101569592729124,0.29565,0.31720000000000004,0.0,0.2894941723650639,0.2732
20200829-15856,-1,0.9845,0.19865,0.17770000000000002,0.0,0.43718615054376175,0.35173846153846156,0.5313,0.7184,0.49266562703234296,-1.7144
20200328-3031,-1,-0.9703,-0.002043999999999997,0.0,0.0,0.3376394120912624,-0.015209999999999998,0.0,0.0,0.44457510040486975,-0.5305
20200715-20171,-1,0.9389,0.05168292682926829,0.0,0.0,0.3881639456890569,0.06360555555555555,0.0,0.0,0.3856611372006694,-0.6808
20200218-91040,-1,0.9684,0.0911945945945946,0.0,0.0,0.32855201895585845,0.13710833333333333,0.12925,0.0,0.3797863082452494,0.5106
20200903-62851,1,0.9991,0.2773418604651163,0.0,0.0,0.4617460961583421,0.34702222222222223,0.5022500000000001,0.0,0.4524905469307932,0.22340000000000004
20200811-2297,1,-0.9627,0.03715,0.0,0.0,0.3337503023491991,-0.010106896551724137,0.0,0.0,0.3911579696156233,1.0712000000000002
20200714-48530,-1,-0.8641,0.006141176470588236,0.0,0.0,0.3785157562325021,-0.03069999999999999,0.0258,0.2732,0.48653937833094935,-0.4779
20200731-25237,0,-0.9164,-0.05111724137931034,0.0,0.0,0.3092741057077936,-0.19729166666666667,-0.2942,-0.296,0.41527579281391086,-0.5407
20200306-61058,-1,-0.9804,-0.13694444444444445,0.0,0.0,0.29475815363752444,-0.3843111111111111,-0.5423,-0.5423,0.42708317546519214,-1.4081000000000001
20200812-79776,1,0.9996,0.38886964285714287,0.39944999999999997,0.0,0.34743556489947214,0.5024645161290323,0.6486,0.0,0.37841242950702747,0.9524
20200505-87814,-1,0.9928,0.12812619047619048,0.0,0.0,0.2621850364946062,0.2270095238095238,0.25,-0.0772,0.3329621899094506,0.1491
20200503-1856,1,0.7506,0.12118888888888889,0.34,0.4215,0.37508691568886754,0.7506,0.7506,0.7506,0.0,1.5012
20200331-1651,0,0.999,0.12021538461538461,0.0,0.0,0.23278990052253476,0.4368,0.4833,0.0,0.3612355335050342,0.2382
20200810-33994,0,0.9652,0.09556538461538461,0.0,0.0,0.2994891174885706,0.17345833333333333,0.0,0.0,0.4294701841772281,-0.45899999999999996
20200229-39417,-1,0.3911,0.05336666666666668,0.0,0.0,0.3451377245229633,0.04002500000000001,0.0,0.0,0.29978998794989803,0.5106
20200428-65696,-1,-0.9447,-0.05449375,0.0,0.0,0.4085502125944099,-0.08142608695652175,0.0,0.0,0.4572860784895384,0.2023
20200409-5906,-1,-0.7256,0.015888372093023257,0.0,0.0,0.2967721334072951,0.035236,0.0,0.0,0.37965573761501353,0.0
20200718-49780,1,0.9995,0.328928813559322,0.34,0.0,0.3453110958231611,0.3104851063829787,0.296,0.0,0.4245665198507534,0.069
20200711-49833,1,0.9797,0.17637999999999998,0.0772,0.0,0.41614407312852597,0.20566923076923077,0.1144,0.0,0.4093425542813282,0.1779
20200507-58210,0,0.9913,0.2153846153846154,0.0129,0.0,0.32003233573681233,0.32083684210526314,0.3612,0.0,0.27484638237716935,0.5106
20200708-39815,-1,-0.9306,-0.06925945945945947,0.0,0.0,0.2319149872893892,-0.127785,0.0,0.0,0.29909271016693134,0.0
20200410-41911,0,0.9725,0.0851423076923077,0.0,0.0,0.3971713485803528,0.16947777777777778,0.0,0.0,0.4055607798750263,0.3182
20200522-88272,-1,-0.9884,-0.039198666666666666,0.0,0.0,0.30078256708939916,-0.08270263157894737,0.0,0.0,0.3833842572110719,0.5106
20200727-50069,-1,-0.8037,-0.053323333333333334,0.0,0.0,0.2901454746425585,-0.07203181818181818,-0.0267,0.0,0.3273046445610567,-0.128
20200312-68609,0,0.895,0.05915111111111111,0.0,0.0,0.2851095006969328,0.09285454545454545,0.0,0.0,0.3281041031126231,0.5106
20200603-54360,-1,0.949,0.0673625,0.0,0.0,0.2799442263090096,0.09445500000000001,0.0,0.0,0.4097521524958716,0.0
20200710-49599,0,0.9651,0.0935078947368421,0.0,0.0,0.44529249250918385,0.10234838709677418,0.0,0.0,0.5016050894111871,0.2764
20200529-23138,-1,0.9727,0.13911199999999999,0.0,0.0,0.37471438650791083,0.20064761904761905,0.3612,0.0,0.3616336025514375,0.9321
20200608-53582,-1,-0.869,-0.04037027027027027,0.0,0.0,0.3562502657105618,-0.052024137931034484,0.0,0.0,0.39012694455220104,0.0258
20200131-74469,-1,-0.4019,-0.0793,0.0,0.0,0.4006749840670651,-0.06167777777777777,0.0,0.0,0.3548967291974691,0.5106
20200620-25348,-1,0.3695,0.02209677419354839,0.0,0.0,0.3467499168396495,-0.01638421052631579,0.0,0.0,0.4356569319800518,0.0
20200423-38562,1,0.9577,0.09694,0.0,0.0,0.2805237798595097,0.1472736842105263,0.0,0.0,0.3512931222334588,0.5106
20200608-63129,1,0.7906,0.022600000000000002,0.0,0.0,0.28860959891908533,0.7906,0.7906,0.7906,0.0,1.5812
20200506-23503,1,-0.961,-0.008663265306122443,0.0,0.0,0.3013889416696743,-0.027905263157894735,0.0,0.0,0.3943096144878569,0.0
20200210-45663,-1,0.1779,-0.01981428571428571,0.0,0.0,0.2646864623802036,-0.014058333333333332,0.0,0.0,0.25679880567717256,0.5106
20200511-80497,-1,-0.2023,-0.02285999999999999,-0.0,0.0,0.3601664815054283,-0.02285999999999999,0.0,0.0,0.3601664815054283,0.5106
20200306-5828,-1,-0.95,-0.056889999999999996,0.0,0.0,0.3369845196741239,-0.0601,0.0,0.0,0.363168634671694,0.5106
20200327-25328,0,-0.5719,-0.014011999999999995,0.0,0.0,0.3323331091781257,-0.006294736842105259,0.0,0.0,0.38250234464184624,0.5106
20200929-81499,1,0.9994,0.30954342105263155,0.2615,0.0,0.34615648626456974,0.5381307692307692,0.67735,0.0,0.4020174639999446,0.5994
20200601-5439,0,0.1516,0.004845000000000004,0.0,0.0,0.19381267366970614,0.005413333333333339,0.0,0.0,0.20295408303905152,0.5106
20200710-63168,-1,0.9716,0.08548536585365854,0.0,0.0,0.24411047635013647,0.058196000000000005,0.0,0.0,0.2795736825668682,0.5106
20200420-7630,1,0.9988,0.4322714285714286,0.4404,0.0,0.34163125643616055,0.44054166666666666,0.34,0.0,0.3855946067619319,1.7850000000000001
20200627-26321,1,0.9897,0.3776090909090909,0.4939,0.5574,0.2608176076548704,0.41537,0.52565,0.5574,0.24319469175950367,0.7804
20200930-81067,0,0.2607,-0.0098125,0.0,0.0,0.35458422143935003,-0.031080952380952386,0.0,0.0,0.41096321886056403,0.8429
20200804-14961,0,-0.4195,-0.0025916666666666636,0.0,0.0,0.1873600920613091,-0.006214285714285714,0.0,0.0,0.2254023414035535,0.0
20200407-86303,-1,-0.3851,-0.05009999999999998,0.0,0.0,0.43479688361348684,-0.033399999999999985,0.0,0.0,0.35579488472995224,0.5106
20200506-88499,0,0.9821,0.20602352941176472,0.0,0.0,0.31851795688490075,0.34441666666666665,0.1591,0.0,0.39451761437932725,0.0
20200415-98953,1,0.9891,0.22224333333333332,0.0,0.0,0.29224412932037186,0.3693,0.27155,0.0,0.37019022716127215,0.0
20200819-66499,-1,0.9404,0.04122307692307692,0.0,0.0,0.2607880428884911,0.12767058823529412,0.0772,0.0,0.33754936852817785,0.2042
20200719-23353,-1,0.9395,0.06561111111111112,0.0,0.0,0.4051983340002069,0.08886666666666668,0.0,0.0,0.47381882379004087,0.0
20200512-66277,0,-0.5994,-0.09182222222222224,-0.2732,-0.3612,0.3745958615710708,-0.1061857142857143,-0.3612,-0.3612,0.4418326620163903,-0.3612
20200608-21505,-1,-0.994,-0.20496470588235294,0.0,0.0,0.3903693634633689,-0.1870857142857143,0.0,0.0,0.42310086074994807,0.5106
20200716-94054,1,-0.7013,-0.03070384615384614,0.0,0.0,0.45733440591252367,-0.02837499999999999,0.0,0.0,0.45092440538853074,0.5106
20200725-4063,-1,0.9881,0.16296666666666668,0.0772,0.0,0.36134702267162905,0.16296666666666668,0.0772,0.0,0.36134702267162905,0.3637
20200503-6369,0,0.8442,0.05919090909090909,0.0,0.0,0.2553219320941005,0.08588888888888889,0.0,0.0,0.401627205376784,-0.4939
20200415-60628,-1,-0.9792,-0.06210566037735849,0.0,0.0,0.27233931902121894,-0.15095652173913043,0.0,0.0,0.3962451237676507,0.5106
20200315-51564,1,0.9431,0.122956,0.1124,0.0,0.40628360447352535,0.14068666666666665,0.0,0.0,0.5005024193969718,0.7011
20200727-57751,1,0.9934,0.34350714285714284,0.35875,0.0,0.39196156966192075,0.39585384615384617,0.4995,0.0,0.40419762800541903,-0.4995
20200514-20325,-1,0.9331,0.2042578947368421,0.0,0.0,0.35514833863848094,0.33018000000000003,0.29375,0.0,0.33176098263659637,0.2263
20200320-93685,-1,0.9781,0.10676153846153846,0.0,0.0,0.3266852532248069,0.17259230769230768,0.25,0.0,0.37500849418387733,0.5106
20200617-4920,1,0.9989,0.19206666666666666,0.0,0.0,0.38264375469427947,0.34088235294117647,0.1779,0.0,0.5038543326320721,0.8934
20200515-45485,-1,-0.8148,-0.09197777777777777,0.0,0.0,0.37912615103031566,-0.057333333333333326,0.0,0.0,0.5187523563534167,0.5106
20200904-49443,1,0.9988,0.25125641025641027,0.128,0.0,0.3306770054692163,0.53168125,0.6483,0.6369,0.3417649689822488,0.6369
20200728-58718,1,0.9501,0.050495652173913046,0.0,0.0,0.2503250434383279,0.11043125,0.0,0.0,0.36830312196401144,0.0
20200504-51577,1,0.9899,0.13374814814814814,0.0,0.0,0.26882686617608015,0.2516923076923077,0.1901,0.0,0.3631519865365516,0.5106
20200320-46025,-1,-0.9935,-0.20793478260869563,-0.1823,0.0,0.36920621386345537,-0.245555,-0.296,0.0,0.3576881064209432,0.5106
20200822-32013,0,0.9906,0.04774302325581395,0.0,0.0,0.2641027925059949,0.08951538461538461,0.0,0.0,0.32856751582531907,0.7443
20200710-13208,0,0.2598,-0.0030172413793103452,0.0,0.0,0.09295812950283516,-0.0011500000000000028,0.0,0.0,0.13312839667028217,0.0258
20200911-9784,1,-0.8126,-0.004750877192982453,0.0,0.0,0.2593785641042343,0.027823809523809525,0.0,0.0,0.24262594992284672,0.0
20200312-46460,1,-0.2391,0.09537894736842106,0.0,0.0,0.3969087162440136,0.10067777777777778,0.0258,0.0,0.40713030340496303,0.5106
20200702-8559,0,0.8873,0.036366666666666665,0.0,0.0,0.3062099987481358,0.08149999999999999,0.2732,0.296,0.3953682771106637,0.6142
20200806-32397,-1,-0.9518,-0.16809,0.0,0.0,0.25412975209526334,-0.18305294117647058,0.0,0.0,0.2938058404850288,0.0
20200919-19701,1,0.984,0.2014,0.0,0.0,0.2669343886165418,0.35102727272727274,0.3612,0.0,0.34111810029241696,1.1686
20200319-58763,-1,-0.936,-0.14052857142857142,-0.09525,0.0,0.2887443739181558,-0.12612173913043478,0.0,0.0,0.3432235840641564,0.5106
20200819-26799,1,0.8126,0.16976666666666668,0.1806,0.0,0.44800936994169616,0.14551428571428573,0.0,0.0,0.41900866826550576,0.5106
20200909-62026,0,0.9957,0.6181444444444445,0.7003,0.296,0.29985444287784074,0.6787833333333333,0.6948000000000001,0.296,0.2705297606343688,0.7899
20200418-54259,0,-0.8928,-0.0653782608695652,0.0,0.0,0.3016202247233975,-0.08962105263157893,0.0,0.0,0.2981200845631582,0.5106
20200409-77960,1,0.6023,0.028965625000000005,0.0,0.0,0.3176188592572226,0.016215625000000004,0.0,0.0,0.2893838271973045,0.5106
20200803-22569,1,0.9969,0.20198809523809524,0.0,0.0,0.32992200247243214,0.49336153846153846,0.6597,0.0,0.33848651953264763,0.6908
20200404-52512,-1,0.9039,-0.006497368421052631,0.0,0.0,0.3431858791160466,-0.0020666666666666667,0.0,0.0,0.42290901865005853,0.5106
20200717-46231,1,-0.7086,-0.0458,0.0,0.0,0.332652495972784,-0.05412727272727273,0.0,0.0,0.36100765816835295,-0.5994
20200731-34752,-1,-0.3506,-0.09077826086956521,0.0,0.0,0.2962158143277381,-0.11037999999999999,0.0,0.0,0.37535566102919865,0.5106
20200827-76716,1,0.6808,0.06700833333333334,0.0,0.0,0.19009760851701657,0.1005125,0.0,0.0,0.22547297752446965,0.5106
20200729-96110,-1,0.9936,0.033729473684210524,0.0,0.0,0.36320934252813897,0.07611842105263157,0.0,0.0,0.5317357217815628,-0.4019
20200720-16429,1,0.9445,0.027130303030303032,0.0,0.0,0.37259477011639597,0.05987368421052632,0.0,0.0,0.4707916723787321,0.0
20200327-13519,1,0.9779,0.1964111111111111,0.15175,0.0,0.3155804104061258,0.20379999999999998,0.0772,0.0,0.3324511233426121,0.5106
20200323-1828,1,-0.5041,-0.03045,0.0,0.0,0.3384592089696536,-0.5041,-0.5041,-0.5041,0.0,-1.0082
20200327-23657,-1,-0.9596,-0.07753235294117647,0.0,0.0,0.42265653885352367,-0.06928,0.0,0.0,0.4999484781454985,0.5106
20200510-24981,1,0.9982,0.3027682926829268,0.34,0.0,0.31751558090367354,0.5992083333333333,0.8115,0.0,0.37732750023097383,0.0
20200814-55839,-1,-0.0905,-0.007792857142857141,0.0,0.0,0.3026335434409845,0.000632142857142856,0.0,0.0,0.36828610680670093,0.5106
20200211-12801,-1,-0.8938,-0.005502857142857144,0.0,0.0,0.3193832650466156,-0.015608333333333335,0.0,0.0,0.3628660185668473,0.09719999999999995
20200804-75484,-1,-0.576,-0.059611111111111115,0.0,0.0,0.27552221303652313,-0.08941666666666667,0.0,0.0,0.33347206987825667,0.0
20200724-14873,0,0.9846,0.015125714285714286,0.0,0.0,0.3253442092332867,0.03072352941176471,0.0,0.0,0.437613794316151,0.7908000000000001
20200812-6493,-1,0.886,0.04495833333333333,0.0,-0.0,0.41207518015190164,0.064225,0.0,0.0,0.3022355569336606,-0.128
20200326-18643,1,0.8169,0.023398148148148147,0.0,0.0,0.39743847438628355,0.060224999999999994,0.0129,0.0,0.4690432800303898,0.5574
20200731-40316,-1,0.7931,0.022863888888888892,0.0,0.0,0.24593098529734106,0.030904761904761907,0.0,0.0,0.3339073345593989,0.5106
20200505-87539,-1,-0.7184,-0.03520454545454545,0.0,0.0,0.44446131693553054,-0.05475499999999999,0.0,0.0,0.46543365421400285,0.5106
20200723-21130,-1,0.9989,0.07844265734265735,0.0,0.0,0.31696315584995854,0.0630575,0.0,0.0,0.3092447690644904,0.11309999999999998
20200402-14948,-1,0.9239,0.09861538461538463,0.0,0.0,0.3766285802426859,0.11654545454545456,0.0,0.0,0.4068785598668709,0.5106
20200519-2031,0,-0.9859,-0.06698620689655173,0.0,0.0,0.18772276830684334,-0.1421,0.0,0.0,0.30457482167769545,0.07089999999999996
20200821-67105,1,0.9731,0.17229310344827586,0.0,0.0,0.2902414808290105,0.21625,0.24914999999999998,0.0,0.31859948603222826,0.1263
20200714-55643,0,0.7506,0.19746000000000002,0.0,0.0,0.2420756047188564,0.3291,0.4767,0.5106,0.23312001201098118,0.5106
20200731-60829,1,0.9863,0.19054137931034484,0.1027,0.0,0.27154887096475916,0.29163333333333336,0.3902,0.0,0.3273540200523654,0.5106
20200318-27706,1,0.4105,-0.04735000000000001,-0.0386,0.0,0.47518882168039267,-0.04080909090909092,-0.0772,-0.1531,0.5436001646506966,0.7094
20200521-77560,0,0.9893,0.22423809523809524,0.2023,0.0,0.3345655925100637,0.32106153846153845,0.4404,0.0,0.3965686894395307,1.2759
20200323-27126,-1,-0.7642,-0.0030925925925925947,0.0,0.0,0.35494726778507996,-0.022190000000000005,0.0,0.0,0.3829280126864578,0.3182
20200109-16119,-1,-0.9988,-0.2444063829787234,-0.2023,0.0,0.3653809882232548,-0.39721,-0.4393,0.0,0.41668921020348004,-1.136
20200825-83767,1,0.9896,0.3270875,0.41169999999999995,0.0,0.2805456444034553,0.4691272727272727,0.4404,0.4019,0.22385796264152974,0.7269
20200618-84902,1,0.0516,0.005822580645161296,0.0,0.0,0.24476454612239404,0.04545454545454546,0.0,0.0,0.3586317847385998,0.5106
20200813-64806,0,0.9934,0.10159302325581396,0.0,0.0,0.3734724150925286,0.1411037037037037,0.0,0.0,0.43709682839582575,1.0724
20200617-16276,-1,-0.5023,-0.028591666666666668,0.0,0.0,0.16732534903760266,-0.078575,-0.05795,-0.0387,0.10945771729302599,-0.2887
20200312-45067,-1,0.9862,0.16225416666666667,0.0,0.0,0.29879037799540814,0.5127,0.63495,0.7841,0.35248652929343743,1.3835000000000002
20200301-24851,-1,0.873,0.019776315789473684,0.0,0.0,0.3195337890330145,0.035764285714285714,0.0,0.0,0.3664372419609098,0.5106
20200306-49357,-1,0.9899,0.12023714285714286,0.0,0.0,0.27442085102548425,0.2016111111111111,0.1897,0.0,0.34297048445876005,0.5106
20200812-12733,-1,-0.6837,-0.026942857142857136,0.0,0.0,0.2975426937295499,-0.03900555555555555,0.0,0.0,0.3537415840729912,0.5106
20200520-32272,0,0.991,0.11422068965517242,0.0,0.0,0.34185066348284643,0.1779105263157895,0.0,0.0,0.38256934135111803,0.2023
20200704-29607,-1,-0.9893,-0.1629095238095238,-0.0772,0.0,0.49654167225948864,-0.1711470588235294,-0.2023,-0.296,0.5272151666095297,-0.2023
20200721-89203,1,-0.9278,-0.041655,0.0,0.0,0.25285162146009665,-0.09482352941176471,0.0,0.0,0.3659601256476091,0.0
20200430-97834,-1,0.7391,0.23325,0.2553,0.7184,0.40212083693835116,0.18660000000000002,0.0,0.0,0.3715720979836888,0.5106
20200802-35464,-1,-0.7072,-0.06959777777777777,0.0,0.0,0.3127688614004412,-0.141995,-0.12575,0.0,0.3648271131303155,-0.9537
20200520-78299,-1,0.9756,0.11456923076923077,0.0,0.0,0.26541111473049733,0.2502,0.1779,0.0,0.2741766948520607,0.0
20200401-21279,1,0.9882,0.13479583333333334,0.051500000000000004,0.0,0.38452395837707204,0.1303666666666667,0.0258,0.0,0.40557428341190394,0.5106
20200917-67165,1,0.9987,0.14219054054054053,0.0,0.0,0.36057515922628275,0.21265952380952383,0.15295,0.0,0.40654845494580455,0.1263
20200821-71279,-1,-0.8074,-0.04820526315789474,0.0,0.0,0.3457655647426054,-0.04820526315789474,0.0,0.0,0.3457655647426054,0.5106
20200724-67278,0,0.9978,0.04508333333333333,0.0,0.0,0.3329806430734618,0.06633875,0.0,0.0,0.40756919182322593,-0.765
20200828-11213,-1,-0.9602,-0.04140862068965517,0.0,0.0,0.37307632771993726,-0.04835121951219513,0.0,0.0,0.4393675510748799,-0.3612
20200716-36399,-1,-0.886,-0.011022222222222215,0.0,0.0,0.4133993126849572,2.8571428571437566e-05,0.0,0.0,0.4779681854752789,0.5106
20200601-46782,1,0.9954,0.25122758620689656,0.0,0.0,0.3154186193709841,0.3939666666666667,0.3182,0.0,0.35578303438409703,0.6705
20200603-68554,1,0.9972,0.07383026315789475,0.0,0.0,0.3126530593669438,0.07498412698412699,0.0,0.0,0.3714777180210714,-0.8585
20200830-21338,-1,-0.659,-0.030493333333333338,0.0,0.0,0.3464251000657365,-0.0021571428571428536,0.0,0.0,0.35266980857106417,0.5106
20200814-9573,0,0.9541,0.1682,0.0,0.0,0.4274838398505063,0.1878923076923077,0.0,0.0,0.3906538216917465,0.5106
20200902-16179,-1,0.1238,0.011183720930232559,0.0,0.0,0.367445168781103,0.012483333333333336,0.0,0.0,0.4014617371417716,0.3182
20200318-91186,1,0.9538,0.18446666666666667,0.2023,0.0,0.2802118476359548,0.18202307692307693,0.2023,0.0,0.3769782694284934,0.5106
20200413-56682,-1,0.9366,0.05186428571428571,0.0,0.0,0.250859211911144,0.11012,0.0,0.0,0.35658591755704544,0.5106
20200414-81364,1,0.9892,0.07698823529411765,0.0,0.0,0.32042068465645185,0.14016896551724137,0.0516,0.0,0.4226827016548468,0.5106
20200802-16065,1,0.9349,0.16154285714285715,0.0,0.0,0.22672158733403688,0.2822571428571429,0.0,0.0,0.32639874762164695,0.0
20200429-88231,-1,-0.9995,-0.05220540540540541,0.0,0.0,0.36126008669800747,-0.14420285714285713,-0.1531,0.0,0.5407501342636194,0.0
20200713-20798,-1,0.9838,0.15156571428571428,0.0,0.0,0.3071522032597958,0.40799,0.47409999999999997,0.0,0.3656673309170509,-0.2263
20200318-92913,-1,-0.4404,-0.03677142857142857,0.0,0.0,0.29668970666475153,-0.06435,0.0258,-0.6908,0.3902162060960564,-0.6908
20200630-21413,0,-0.9724,-0.0703867924528302,0.0,0.0,0.2964109341792782,-0.041927906976744186,0.0,0.0,0.39097887727729563,0.5562
20200605-10136,1,0.9095,0.038795121951219515,0.0,0.0,0.35974096097135627,0.07321363636363637,0.0,0.0,0.4617951998800241,0.5106
20200313-91507,-1,0.3008,0.026552000000000003,0.0,0.0,0.3019311486017963,0.03937619047619048,0.0,0.0,0.39587828204513986,0.3182
20200928-59709,-1,-0.6049,0.04304705882352942,0.0,0.0,0.3802290627219444,0.0466875,0.0,0.0,0.393620891332955,0.3066
20200820-93740,0,0.9978,0.161422,0.0,0.0,0.2821985537099721,0.29692,0.18489999999999998,0.0,0.3761214572448639,0.0
20200318-52272,-1,-0.993,-0.04383030303030303,0.0,0.0,0.389168116525635,-0.0508575,0.0,0.0,0.5424954496986588,-0.2755
20200501-35128,-1,0.926,0.003014492753623189,0.0,0.0,0.2959834265215999,-0.013747999999999995,0.0,0.0,0.45727996424072637,0.5106
20200701-62322,1,0.9985,0.20633061224489796,0.0,0.0,0.32689180835409887,0.23087619047619048,0.21345,0.0,0.34952358514979176,-0.25
20200422-97860,-1,-0.7012,-0.034258461538461536,0.0,0.0,0.265354492007206,-0.05989024390243902,0.0,0.0,0.3244324168074921,0.5106
20200905-23146,-1,0.9888,0.057912962962962965,0.0,0.0,0.26712710807590945,0.10240357142857143,0.0,0.0,0.35820650516760266,1.3173
20200726-30614,-1,-0.997,-0.14820285714285714,-0.1892,0.0,0.4208028700239676,-0.11762985074626867,-0.1027,0.0,0.4201325384390045,-0.7585999999999999
20200524-18392,-1,0.802,0.10852727272727272,0.0,0.0,0.18675150767754115,0.19896666666666665,0.1591,0.0,0.21434817211464363,0.5574
20200305-17909,-1,-0.34,-0.0028777777777777816,0.0,0.0,0.3090259887588665,-0.13455,-0.13455,0.2732,0.40775,-0.2691
20200926-4177,0,-0.8161,0.058924,0.0,0.0,0.4375270499340584,-0.012814285714285714,0.0,0.0,0.43407853364033905,0.519
20200817-76789,-1,0.8652,0.02533846153846154,0.0,0.0,0.39295489864215194,0.011962499999999994,-0.14665,-0.743,0.6234539015386382,-0.9209
20200416-61865,-1,-0.6124,-0.008611538461538457,0.0,0.0,0.39831037793981244,-0.0007208333333333281,0.0,0.0,0.39500953256342086,0.5106
20200428-1044,0,0.9721,0.09784444444444444,0.0,0.0,0.3430499351766319,0.09331874999999999,0.0,0.0,0.3827256021269514,0.5106
20200519-59064,0,0.2023,0.04266,0.0,0.0,0.39406254122918105,0.04266,0.0,0.0,0.39406254122918105,0.2263
20200705-26645,0,0.6572,0.061024999999999996,0.0,0.0,0.44213665520402173,0.06509333333333332,0.0,0.4404,0.4563467124408322,1.1536
20200702-33071,0,0.9963,0.10324736842105263,0.0,0.0,0.37964891658148564,0.09569069767441861,0.0,0.0,0.37993503900924314,0.069
20200416-6444,-1,0.0772,0.010850000000000004,0.0,0.0,0.24486144551562217,0.017360000000000007,0.0,0.0,0.3095454577279402,0.5106
20200723-68727,-1,0.5994,0.047630769230769227,0.0,0.0,0.31772300559453304,0.06879999999999999,0.0772,0.0,0.3799436829613334,-0.3612
20200325-75871,0,0.9602,0.06999999999999999,0.0,0.0,0.31764724633380387,0.12773076923076923,0.0,0.0,0.4474428753992649,0.5401
20200707-33730,-1,-0.9468,0.0034266666666666673,0.0,0.0,0.2872643114315146,-0.030260000000000002,0.0,0.0,0.3942797734266029,-0.4404
20200526-40606,-1,-0.3604,-0.05439130434782609,0.0,0.0,0.3701935062886688,-0.3604,-0.3604,-0.3604,0.0,-0.7208
20200801-36920,0,0.875,0.11846666666666666,0.0,0.0,0.22588195417567608,0.14216,0.0,0.0,0.2405388625565524,0.7269
20200718-47115,-1,0.9857,0.14265,0.0,0.0,0.4122570906000284,0.2040142857142857,0.20065,0.0,0.4014382533148651,0.4019
20200519-43263,-1,-0.9048,-0.005267307692307686,0.0,0.0,0.3828847284462608,-0.011471428571428566,0.0,0.0,0.4323072046400262,0.5106
20200711-14284,-1,-0.9894,-0.1393294117647059,0.0,0.0,0.2750245887717419,-0.09927878787878788,0.0,0.0,0.31728130884750416,0.6582
20200922-41971,1,0.9995,0.3487063829787234,0.4404,0.0,0.3798588631540725,0.438125,0.56445,0.0,0.4237239529499972,1.5222
20200620-41818,1,0.8934,0.13525384615384614,0.0,0.0,0.2758552452489547,0.14469166666666666,0.0,0.0,0.21925877199606456,0.5106
20200209-25870,-1,-0.9944,-0.20262666666666668,0.0,0.0,0.3818199583864393,-0.2190423076923077,-0.0258,0.0,0.4071600603552867,-1.3191
20200516-18264,1,0.9794,0.22925238095238096,0.0772,0.0,0.256252213219799,0.58945,0.58945,0.9766,0.38715,1.1789
20200825-68757,-1,-0.9953,-0.1181078947368421,0.0,0.0,0.3178478627976623,-0.12827894736842105,0.0,0.0,0.3286484829514057,0.0
20200811-63109,1,0.9971,0.283003125,0.3182,0.0,0.3233162997402611,0.5728,0.6808,0.25,0.31042858350117414,0.25
20200528-73259,-1,-0.9795,-0.045672340425531914,0.0,0.0,0.300034530425606,-0.08233199999999999,0.0,0.0,0.3694961128022865,0.5106
20200409-97097,1,0.9397,0.02364301075268817,0.0,0.0,0.3010077748425555,0.03433720930232558,0.0,0.0,0.44363289612295953,0.5106
20200204-74078,-1,-0.9747,-0.178835,0.0,0.0,0.2394677666722601,-0.48735,-0.48735,-0.9747,0.48735,-0.9747
20200425-44226,0,0.9953,0.1438891304347826,0.0,0.0,0.28887366595425856,0.31104375,0.064,0.0,0.40436781209801737,0.0
20200607-10727,-1,-0.1113,0.045354545454545446,0.0,0.0,0.3652713844493169,0.03837692307692307,0.0,0.0,0.33639904910193547,0.0
20200912-1704,0,0.9824,0.026962903225806453,0.0,0.0,0.2587568432842115,0.047947368421052634,0.0,0.0,0.33018059391541765,0.9861
20200227-63988,-1,-0.9943,-0.08713265306122449,0.0,0.0,0.3878412484971376,-0.1292851851851852,-0.0258,0.0,0.45217834543111146,0.5106
20200513-82398,0,0.962,0.0838325,0.0,0.0,0.35775154114797325,0.10391818181818183,0.0258,0.0,0.37636410196135744,0.2023
20200216-33728,-1,0.8126,0.10437500000000001,0.0,0.0,0.18418882577851098,0.17892857142857144,0.0,0.0,0.21170327424612642,0.5106
20200625-83208,0,0.9966,0.20424285714285714,0.18345,0.0,0.34214330688905725,0.22354666666666667,0.09,0.0,0.43818605160618956,0.5758000000000001
20200410-10035,0,0.9385,0.18826363636363638,0.0,0.0,0.24722313907858176,0.29756,0.0,0.0,0.3645395813900049,0.7577
20200318-53989,-1,-0.9921,-0.06636981132075472,0.0,0.0,0.3902186936833811,-0.09655517241379309,-0.0516,0.0,0.49696004528651716,-0.4384
20200319-63776,-1,-0.9821,-0.06913333333333334,0.0,0.0,0.406746202994931,-0.07147575757575758,0.0,0.0,0.46005503625327465,0.5106
20200525-14206,0,0.8501,0.10594999999999999,0.0,0.0,0.24993630438573744,0.11873333333333333,0.0,0.0,0.29468002797761655,0.0603
20200228-58048,1,0.9955,0.2642111111111111,0.0772,0.0,0.3219263446163185,0.29992083333333336,0.2321,0.0,0.33968366899608066,0.6808
20200827-1367,0,0.994,0.22506800000000002,0.0772,0.0,0.29294531192016027,0.277795,0.25895,0.0,0.30603417860591975,0.9321
20200806-91301,0,0.9988,0.19909107142857144,0.0,0.0,0.32950190562899295,0.2225529411764706,0.0,0.0,0.32674386043885617,0.2732
20200721-25973,0,0.9996,0.2785131868131868,0.3182,0.0,0.3284678886771765,0.5904333333333334,0.7717,0.7717,0.4277407652097497,0.7717
20200915-43032,1,0.998,0.2704073170731707,0.34,0.0,0.38286748671764337,0.5070133333333333,0.5859,0.5859,0.3901163055067325,0.4404
20200722-40329,-1,0.9637,0.12159130434782608,0.0,0.0,0.24039632116306078,0.16978666666666667,0.0,0.0,0.2777606736422963,0.5106
20200912-38185,-1,0.1109,0.008475,0.0,0.0,0.4678980558038257,0.01779333333333333,0.0,0.0,0.46890789069448974,-0.1251
20200412-38995,-1,0.967,0.0856325,0.0,0.0,0.3415702734339597,0.166145,0.2021,-0.3818,0.44463505875605447,-0.22869999999999996
20200630-68738,1,0.8931,0.1147,0.0772,0.0,0.4456402289787251,0.09022,0.0,0.0,0.3872335749905992,1.3582
20200828-63385,1,0.9834,0.21742777777777778,0.0,0.0,0.36418414726245835,0.32037857142857146,0.3104,0.0,0.3249830395103532,0.0
20200601-57445,1,0.6355,-0.0018499999999999955,0.0,0.0,0.427997271962909,-0.01188333333333333,0.0,0.0,0.5237583446696683,-0.6908
20200806-17477,-1,0.8176,0.01563571428571429,0.0,0.0,0.33812382686808445,0.028929166666666672,0.0,0.0,0.39053803216328653,0.5106
20200828-39807,1,0.0536,0.09507333333333333,0.0,0.0,0.18707920414151388,0.10357777777777777,0.0,0.0,0.18858275388202494,0.0
20200613-35073,1,0.9985,0.430275,0.5748,0.0,0.4186292226322318,0.4750857142857143,0.44015,0.0,0.3987793730464841,0.7783
20200221-3631,-1,-0.9074,-0.08041176470588235,0.0,0.0,0.3312025271329293,-0.15465384615384614,0.0,0.0,0.4136719726386422,0.5106
20200807-23831,-1,0.466,0.008878260869565216,0.0,0.0,0.30895925573014194,0.032247058823529406,0.0,0.0,0.38500750048866056,-0.6115
20200225-11304,-1,0.993,0.061954,0.0,0.0,0.3884718245690413,0.19272727272727272,0.3926,0.3926,0.6115609418691115,0.9193
20200901-85185,0,0.4337,0.01512528735632184,0.0,0.0,0.2619374788166548,0.01326111111111111,0.0,0.0,0.3263687163978954,0.5106
20200619-51051,0,-0.9601,-0.07875714285714285,0.0,0.0,0.29158180845246184,-0.1815,0.0,0.0,0.3786240989864926,0.5106
20200921-14373,-1,-0.5499,0.02243076923076923,0.0772,0.0772,0.24751032110450352,0.02637500000000001,0.07655,0.743,0.5472098334962557,-0.047599999999999976
20200831-48970,1,0.9991,0.1879859375,0.0,0.0,0.34563843548352097,0.3839,0.4019,0.0,0.3868591136229098,0.0
20200311-31074,0,-0.8844,-0.022582051282051277,0.0,0.0,0.3271826745082269,-0.024839285714285706,0.0,0.0,0.354410143094214,0.5106
20200729-34323,0,0.9986,0.11338627450980392,0.0,0.0,0.4107143394564406,0.15544545454545455,0.0,0.0,0.4578199798987484,0.4709
20200903-87281,0,0.9927,0.21303684210526314,0.0,0.0,0.3040582046262755,0.290925,0.23199999999999998,0.0,0.3039019609594515,0.0
20200504-71699,1,-0.9843,-0.06901538461538462,0.0,0.0,0.3217091898597811,-0.09140000000000001,0.0,0.0,0.3667984023956484,0.5413
20200212-64165,-1,0.3612,0.008666666666666666,0.0,0.0,0.36217007361490017,0.004900000000000003,0.0,0.0,0.30174421579328725,0.4588
20200611-80291,1,0.9969,0.32894285714285715,0.3678,0.0,0.3250861725632709,0.4369125,0.4853,0.0,0.3803676213135787,0.8742
20200307-26134,-1,0.2023,0.004620000000000008,0.0,0.0,0.2891143884347509,0.005370000000000009,0.0,0.0,0.2963377331694363,0.5106
20200404-17030,1,0.9779,0.058902499999999997,0.0,0.0,0.32310798310123817,0.0880103448275862,0.0,0.0,0.3853450154439101,0.5431
20200730-61372,1,0.9925,0.22762962962962963,0.1779,0.0,0.3232681959758684,0.40437142857142855,0.3071,0.0,0.29875165373976575,0.5106
20200303-15452,0,0.6808,0.028678571428571432,0.0,0.0,0.27100592818653413,0.03227272727272728,0.0,0.0,0.26780173837072113,0.5106
20200403-44539,-1,-0.9042,-0.08658888888888888,0.0,0.0,0.30479820808909125,-0.05648518518518519,0.0,0.0,0.2623985881055394,-0.7096
20200504-57870,-1,-0.5514,-0.010402272727272724,0.0,0.0,0.3532035548111009,-0.0030161290322580627,0.0,0.0,0.42124861795257096,0.5106
20200712-12199,-1,0.8689,0.028595454545454545,0.0,0.0,0.21243076942270075,0.08987142857142857,0.0386,0.0,0.3692156907913457,0.536
20200903-5444,-1,0.2777,0.031347058823529415,0.0,0.0,0.28639722336323903,0.015035483870967743,0.0,0.0,0.36523506575495174,-0.1531
20200402-82152,-1,-0.5476,-0.04846470588235294,0.0,0.0,0.41260678751962676,-0.04936428571428571,0.0,0.0,0.42501327224174146,-0.296
20200728-62726,-1,0.9759,0.23167142857142858,0.36355,0.0,0.41238749708872363,0.13786153846153845,0.0,0.0,0.4077449052428237,0.8808
20200302-1049,-1,-0.9962,-0.22345428571428572,-0.0516,0.0,0.3852891280531004,-0.39694999999999997,-0.39694999999999997,0.2023,0.59925,-0.7938999999999999
20200225-58289,-1,-0.7868,-0.057536170212765955,0.0,0.0,0.2912221594221913,-0.06598,0.0,0.0,0.31653847502543603,0.5106
20200327-39420,0,0.6369,0.017234285714285716,0.0,0.0,0.26198362756134985,0.03348888888888889,0.0,0.0,0.3553697650005459,0.5106
20200415-22813,-1,-0.9963,-0.07626585365853658,0.0,0.0,0.28526128725215955,-0.202,-0.22035,0.0,0.45762666594574164,0.5106
20200427-24372,1,0.9891,0.27527894736842107,0.3182,0.0,0.3007155739214249,0.2541473684210526,0.0772,0.0,0.32729485719410006,0.5106
20200210-42971,-1,0.9445,0.04954705882352941,0.0,0.0,0.2393734188831752,0.06973913043478261,0.0,0.0,0.26679408561844653,0.0
20200706-39507,1,0.9885,0.12151860465116279,0.0,0.0,0.3161030552119547,0.12586944444444445,0.0,0.0,0.353373049512712,0.3506
20200611-32975,-1,-0.6908,-0.006559740259740259,0.0,0.0,0.2185216695604008,0.004599999999999999,0.0,0.0,0.35496755682738107,0.5106
20200616-76284,-1,0.1779,-0.060828571428571426,0.0,0.0,0.49326832951037836,-0.053224999999999995,0.0,0.0,0.46184861088347984,0.0
20200624-73890,-1,0.1286,0.017940740740740743,0.0,0.0,0.3929907314515938,0.026892307692307695,0.0386,0.0,0.4211923175965664,0.8869
20200321-55972,-1,-0.8271,-0.1861,-0.148,-0.296,0.2990935305218085,-0.27915,-0.296,-0.296,0.32895364795058896,-1.0229
20200802-13835,1,0.9993,0.25756666666666667,0.0,0.0,0.3777881647965133,0.265115,0.0,0.0,0.34910874061673103,0.4404
20200717-22485,1,0.9716,0.217055,0.1072,0.0,0.3746854727301287,0.21123478260869566,0.0,0.0,0.35699405379129784,0.5574
20200917-36738,1,0.9885,0.3313466666666667,0.4404,0.0,0.2968076523422011,0.5032714285714286,0.5994,0.0,0.34993720952800217,0.0
20200521-89580,-1,-0.9628,-0.23771111111111112,-0.0516,0.0,0.3909728988744885,-0.1944909090909091,0.0,0.0,0.3653396388780407,-0.0516
20200617-65173,-1,0.9756,0.2606857142857143,0.1366,0.0,0.27704414258160287,0.49535,0.52565,0.5574,0.2929366470188847,0.8306
20200807-77872,-1,0.9948,0.15453,0.0,0.0,0.2698509182863753,0.33388,0.2382,0.2382,0.44315480545741576,1.0288
20200623-52458,-1,-0.4118,-0.006578947368421047,0.0,0.0,0.44343500037410977,-0.001514285714285706,0.0,-0.2732,0.5182475592350255,-0.5719
20200516-9640,1,0.9972,0.11199655172413793,0.0,0.0,0.28316348734047975,0.19677567567567567,0.0,0.0,0.3541813006535658,1.5143
20200922-20615,-1,-0.8225,-0.00903076923076923,0.0,0.0,0.344451658737624,-0.06287142857142858,-0.148,0.3182,0.4551457481299988,0.3182
20200130-51465,1,-0.9991,-0.12147326732673266,0.0,0.0,0.32436549025067724,-0.23324545454545453,-0.2144,0.0,0.469361561279374,-0.7353999999999999
20200726-3573,1,0.9979,0.1902,0.0772,0.0,0.3694831030164088,0.19657209302325582,0.0,0.0,0.34622693816277894,0.069
20200318-9892,-1,-0.9451,-0.062032727272727274,0.0,0.0,0.28059136969462806,-0.06978484848484849,0.0,0.0,0.34692684157729164,-1.1998
20200206-24689,1,0.8442,0.032225,0.0,0.0,0.2224349547558167,0.0752846153846154,0.0,0.0,0.36269705274651176,0.41759999999999997
20200411-3204,-1,-0.9988,-0.07032916666666666,0.0,0.0,0.3090787291548421,-0.1099987012987013,0.0,0.0,0.3905581322589994,-0.30960000000000004
20200807-78701,-1,0.1027,-0.034622222222222214,0.0,0.0,0.2559616888771433,0.014040000000000007,0.0,0.0,0.3012238078240165,0.5106
20200911-6838,-1,-0.9692,-0.18843333333333334,-0.34,-0.34,0.38259030771251323,-0.18452105263157895,-0.296,0.0,0.3237526940817756,0.5106
20200830-17823,1,0.9844,0.11153636363636364,0.0,0.0,0.31007897900880105,0.18471818181818184,0.0,0.0,0.4348857881792995,-0.6392
20200410-25380,-1,-0.3655,0.023846938775510203,0.0,0.0,0.35783204537144314,0.05437179487179487,0.0,0.0,0.38088735796936213,0.5106
20200315-11778,-1,-0.128,-0.12653333333333333,0.0,0.0,0.3957928695107525,-0.07551,0.0,0.0,0.3807039727925097,0.5106
20200804-47045,1,0.9996,0.09192677595628415,0.0,0.0,0.31014891222281193,0.19464,0.0772,0.0,0.44078950699503167,0.4084
20200405-31372,-1,-0.024,0.00506666666666667,0.0,0.0,0.3513189022969176,0.003025,0.0,0.0,0.3540746487324389,0.3182
20200609-75381,-1,-0.9398,-0.07653488372093023,0.0,0.0,0.3356459117663309,-0.1612125,-0.13975,0.0,0.47932033635529175,-0.7833
20200730-61036,0,0.9898,0.2248695652173913,0.0,0.0,0.289288002178035,0.31356153846153845,0.3182,0.0,0.3318743101710033,0.3182
20200812-74691,-1,0.8225,0.18656250000000002,0.2787,0.5574,0.49970734919925885,0.15802500000000003,0.23835,0.0,0.47825996787834957,0.5106
20200411-2150,-1,0.8504,0.0013775510204081611,0.0,0.0,0.39039067259752164,0.0018243243243243217,0.0,0.0,0.4492579114828685,0.743
20200422-59900,-1,0.8017,0.04484615384615385,0.0,0.0,0.27509233447191345,0.055952380952380955,0.0,0.0,0.2956931463190267,0.5106
20200402-61872,-1,-0.9989,-0.3675357142857143,-0.3612,0.0,0.3945053079620147,-0.6851125,-0.8554999999999999,-0.0258,0.3412363676306352,-0.0258
20200714-68376,-1,0.9849,0.03599220779220779,0.0,0.0,0.2829572455273488,0.024737288135593217,0.0,0.0,0.35211073657726594,-0.2263
20200913-33607,1,0.9964,0.15328571428571428,0.0,0.0,0.29366439459536325,0.3459933333333333,0.4215,0.0,0.3525465179077633,0.128
20200410-10300,-1,0.9312,0.0018374468085106373,0.0,0.0,0.24562287725653548,0.007042222222222221,0.0,0.0,0.3886064381515565,0.7956000000000001
20200726-17200,0,0.9313,0.030105882352941173,0.0,0.0,0.2702538909130324,0.029038095238095234,0.0,0.0,0.3459606466419892,0.0
20200326-75384,-1,-0.6705,-0.06867692307692307,0.0,0.0,0.3392277500301715,-0.08927999999999998,-0.128,0.0,0.38439389121056544,0.5106
20200219-23259,0,-0.9869,-0.050608,0.0,0.0,0.36687418270573363,-0.08695,0.0,0.0,0.47206098312158173,0.5106
20200911-28878,0,0.9737,0.12255897435897437,0.0,0.0,0.42703451954262356,0.005176409666283084,0.0,0.0,0.06922055498013957,0.8607
20200711-48802,0,0.9999,0.3266281553398058,0.3818,0.0,0.3304476347386439,0.5699622222222223,0.6705,0.0,0.3278560465196672,0.069
20200319-68550,0,-0.9679,-0.06752857142857142,0.0,0.0,0.23506676385526679,-0.11042173913043478,0.0,0.0,0.3211606586396363,0.5106
20200309-62459,1,0.7998,0.05788333333333333,0.0,0.0,0.274020753978802,0.04729444444444444,0.0,0.0,0.31300972379681435,-0.2558
20200511-63940,-1,0.926,0.036868750000000006,0.0,0.0,0.3554068151172271,0.04491944444444444,0.0,0.0,0.3832771515492299,0.3182
20200212-55214,0,0.936,0.12727368421052632,0.0,0.0,0.2100784711585681,0.43932,0.5719,0.5719,0.22720687841700568,0.4404
20200406-73628,-1,-0.4215,-0.06858333333333333,0.0,0.0,0.26366085802704115,-0.21075,-0.21075,-0.4215,0.21075,-0.4215
